chromosome	family	start	end	size	genes
1	708	322591	328450	2	Os01g0106300,Os01g0106400
1	11	720673	726099	2	Os01g0113200,Os01g0113300
1	11	742860	754992	3	Os01g0113700,Os01g0113800,Os01g0113900
1	11	786373	792435	2	Os01g0114600,Os01g0114700
1	11	839809	854568	4	Os01g0115500,Os01g0115566,Os01g0115600,Os01g0115700
1	11	857897	865249	2	Os01g0115750,Os01g0115800
1	11	865938	874817	2	Os01g0115900,Os01g0116000
1	11	915605	923630	2	Os01g0116300,Os01g0116400
1	11	961799	985133	5	Os01g0117100,Os01g0117200,Os01g0117266,Os01g0117300,Os01g0117400
1	11	987676	997262	2	Os01g0117500,Os01g0117600
1	3050	1240943	1251421	2	Os01g0121950,Os01g0122000
1	3051	1328172	1334769	2	Os01g0123500,Os01g0123700
1	544	1338241	1354767	5	Os01g0123900,Os01g0124000,Os01g0124100,Os01g0124200,Os01g0124401
1	544	1363710	1366432	2	Os01g0124600,Os01g0124650
1	940	1433996	1445599	2	Os01g0126100,Os01g0126200
1	940	1486400	1492684	2	Os01g0126900,Os01g0127000
1	1296	1562618	1569467	2	Os01g0128100,Os01g0128200
1	3059	1757812	1761065	2	Os01g0131900,Os01g0132000
1	184	1934117	1944948	3	Os01g0135800,Os01g0135900,Os01g0136000
1	184	1948773	1952681	2	Os01g0136100,Os01g0136200
1	11	1984267	2003083	2	Os01g0136900,Os01g0137400
1	11	2048745	2057636	2	Os01g0138300,Os01g0138400
1	92	2154326	2203787	2	Os01g0140700,Os01g0141000
1	1303	2422347	2438772	2	Os01g0145000,Os01g0145200
1	3075	2453742	2491357	2	Os01g0145600,Os01g0146101
1	722	2718042	2736707	3	Os01g0150200,Os01g0150400,Os01g0150500
1	1904	2776973	2790377	2	Os01g0151400,Os01g0151500
1	1305	2815148	2818897	2	Os01g0152100,Os01g0152200
1	721	2830325	2836233	2	Os01g0152600,Os01g0152687
1	431	2899057	2902192	2	Os01g0153900,Os01g0153950
1	431	2907071	2921321	2	Os01g0154100,Os01g0154200
1	1908	2922561	2932886	3	Os01g0154300,Os01g0154500,Os01g0154600
1	133	3143601	3185207	2	Os01g0160200,Os01g0160700
1	3092	3312670	3321035	2	Os01g0164075,Os01g0164300
1	559	4418239	4423105	2	Os01g0183500,Os01g0183600
1	6	4566304	4573271	2	Os01g0185900,Os01g0186000
1	1920	4761327	4782706	2	Os01g0188900,Os01g0189100
1	3131	5288136	5317280	2	Os01g0197900,Os01g0198000
1	738	5848166	5863577	3	Os01g0207700,Os01g0207900,Os01g0208000
1	1335	6031025	6078239	4	Os01g0210900,Os01g0211000,Os01g0211200,Os01g0211600
1	226	6267440	6281742	2	Os01g0214600,Os01g0214800
1	77	6361526	6367057	2	Os01g0216400,Os01g0216500
1	1949	6412786	6435651	2	Os01g0217500,Os01g0217800
1	744	6507356	6521026	2	Os01g0218800,Os01g0218900
1	351	6541971	6568140	2	Os01g0219600,Os01g0220100
1	77	6718349	6728538	2	Os01g0223000,Os01g0223200
1	712	6774202	6793320	4	Os01g0223700,Os01g0223800,Os01g0223900,Os01g0224000
1	3153	6909800	6915127	2	Os01g0225400,Os01g0225500
1	353	7049941	7073788	4	Os01g0227400,Os01g0227500,Os01g0227700,Os01g0227800
1	3162	7282051	7294209	2	Os01g0231800,Os01g0231900
1	3171	7771395	7778090	2	Os01g0240600,Os01g0240700
1	1968	7969745	7974941	2	Os01g0244150,Os01g0244400
1	1969	8033763	8039750	2	Os01g0245700,Os01g0245901
1	1358	8229331	8233871	2	Os01g0249700,Os01g0249800
1	753	8486578	8492345	2	Os01g0255000,Os01g0255100
1	756	8816863	8837029	3	Os01g0261600,Os01g0261700,Os01g0262000
1	13	8903598	8919968	2	Os01g0263000,Os01g0263300
1	64	10144374	10152280	2	Os01g0283600,Os01g0283700
1	3212	10399289	10432766	2	Os01g0288800,Os01g0289100
1	3213	10496869	10510496	2	Os01g0290100,Os01g0290600
1	296	10701626	10750233	3	Os01g0293900,Os01g0294500,Os01g0294700
1	3245	11655138	11681874	2	Os01g0310500,Os01g0310800
1	137	11716329	11750685	2	Os01g0311800,Os01g0312500
1	577	11897584	11906868	2	Os01g0315600,Os01g0315700
1	1379	12031970	12075088	3	Os01g0317500,Os01g0317800,Os01g0318000
1	3256	12129716	12161767	2	Os01g0319200,Os01g0319400
1	58	12499923	12557268	4	Os01g0326000,Os01g0326100,Os01g0326300,Os01g0327000
1	58	12568431	12582256	2	Os01g0327100,Os01g0327400
1	3261	12615286	12640586	2	Os01g0327900,Os01g0328300
1	292	12734098	12745509	2	Os01g0329900,Os01g0330100
1	2027	12980585	13141283	2	Os01g0333600,Os01g0335600
1	2030	13363638	13374471	2	Os01g0340100,Os01g0340400
1	578	13396264	13438567	3	Os01g0340600,Os01g0341000,Os01g0341200
1	116	13899523	13904626	2	Os01g0348800,Os01g0348900
1	3280	14036461	14054909	2	Os01g0351100,Os01g0351200
1	2034	14077661	14108083	2	Os01g0351800,Os01g0352100
1	185	14480825	14487138	2	Os01g0357900,Os01g0358100
1	300	14577199	14613681	4	Os01g0359400,Os01g0359600,Os01g0359800,Os01g0360100
1	1393	14732018	14743148	2	Os01g0361500,Os01g0361700
1	1397	15130926	15152275	2	Os01g0369000,Os01g0369200
1	162	15234445	15283073	3	Os01g0370600,Os01g0370900,Os01g0371200
1	162	15289214	15294409	2	Os01g0371400,Os01g0371500
1	2047	15480089	15511423	2	Os01g0375200,Os01g0375500
1	1022	16325492	16328374	2	Os01g0388000,Os01g0388101
1	583	16392304	16436778	3	Os01g0388700,Os01g0389200,Os01g0389700
1	3320	18259513	18288878	2	Os01g0516200,Os01g0516600
1	82	18818271	18839612	4	Os01g0525350,Os01g0525700,Os01g0525701,Os01g0525800
1	100	19258575	19282465	2	Os01g0533000,Os01g0533100
1	160	19356270	19387198	2	Os01g0533900,Os01g0534700
1	3335	20543454	20576206	2	Os01g0549700,Os01g0550000
1	151	20640981	20654948	2	Os01g0550800,Os01g0550900
1	1390	21056832	21063681	2	Os01g0557100,Os01g0557200
1	1431	22079065	22088239	2	Os01g0574400,Os01g0574500
1	2077	22221812	22234779	2	Os01g0576000,Os01g0576050
1	224	22236858	22325974	2	Os01g0576100,Os01g0577300
1	2080	22439040	22449792	2	Os01g0579900,Os01g0580000
1	3361	22625256	22637148	2	Os01g0583200,Os01g0583300
1	1434	22779111	22793723	2	Os01g0585700,Os01g0586000
1	2084	23014343	23026116	2	Os01g0590100,Os01g0590200
1	373	23353537	23359952	2	Os01g0595800,Os01g0595900
1	600	23439509	23448687	2	Os01g0597400,Os01g0597600
1	1317	23456074	23465185	2	Os01g0597800,Os01g0598000
1	25	23639654	23651499	2	Os01g0601675,Os01g0601700
1	122	23663277	23675960	2	Os01g0602200,Os01g0602400
1	245	23864681	23880467	2	Os01g0605700,Os01g0606000
1	438	23938395	23962251	2	Os01g0607400,Os01g0607600
1	29	24047446	24081389	3	Os01g0609000,Os01g0609200,Os01g0609300
1	603	24390676	24393423	2	Os01g0615050,Os01g0615100
1	1051	24598181	24605484	2	Os01g0618400,Os01g0618500
1	122	25060764	25068280	2	Os01g0627800,Os01g0627900
1	122	25076611	25121919	3	Os01g0628000,Os01g0628700,Os01g0628900
1	279	25457560	25463635	2	Os01g0635000,Os01g0635200
1	1317	25598451	25617367	2	Os01g0638000,Os01g0638600
1	3415	25696671	25716827	2	Os01g0639900,Os01g0640000
1	1448	25792699	25800398	2	Os01g0642000,Os01g0642100
1	213	25836151	25839983	2	Os01g0642700,Os01g0642801
1	293	26200285	26206936	2	Os01g0649200,Os01g0649400
1	293	26230740	26273949	3	Os01g0650000,Os01g0650100,Os01g0650200
1	467	26364766	26369437	2	Os01g0651932,Os01g0652000
1	247	26401569	26418855	2	Os01g0652800,Os01g0653100
1	709	27386571	27476781	3	Os01g0668901,Os01g0669100,Os01g0670100
1	2004	27956735	27961312	2	Os01g0679500,Os01g0679550
1	2132	28303270	28309500	2	Os01g0686200,Os01g0686300
1	11	28513039	28526710	3	Os01g0690600,Os01g0690800,Os01g0690900
1	381	28921498	28935191	2	Os01g0699100,Os01g0699400
1	381	28939657	28948045	2	Os01g0699500,Os01g0699600
1	382	30062758	30085762	5	Os01g0721100,Os01g0721200,Os01g0721300,Os01g0721400,Os01g0721500
1	372	30447427	30455330	2	Os01g0730100,Os01g0730200
1	234	30622077	30625036	2	Os01g0734200,Os01g0734333
1	54	30647512	30668299	3	Os01g0734600,Os01g0734800,Os01g0735300
1	54	30675734	30691452	2	Os01g0735500,Os01g0735900
1	54	30694998	30713844	2	Os01g0736100,Os01g0736300
1	1455	30768475	30773134	2	Os01g0737600,Os01g0737700
1	1477	30923013	30933963	3	Os01g0740500,Os01g0740650,Os01g0740600
1	188	31136522	31157902	2	Os01g0744700,Os01g0745000
1	14	31938559	31948580	2	Os01g0759200,Os01g0759400
1	341	32032727	32040378	2	Os01g0761400,Os01g0761500
1	1461	32475144	32489971	2	Os01g0770000,Os01g0770100
1	620	32523314	32526923	2	Os01g0770700,Os01g0770800
1	621	33091621	33103904	2	Os01g0781100,Os01g0781200
1	621	33120499	33145541	2	Os01g0781700,Os01g0782100
1	3561	33227678	33240103	2	Os01g0784101,Os01g0784450
1	3564	33359554	33367253	2	Os01g0786700,Os01g0786800
1	33	33675136	33688225	2	Os01g0795100,Os01g0795200
1	3569	33699128	33709258	2	Os01g0795600,Os01g0795832
1	3572	33919497	33929782	2	Os01g0801000,Os01g0801100
1	601	34115002	34133448	2	Os01g0804400,Os01g0804900
1	2189	34141778	34149144	2	Os01g0805400,Os01g0805500
1	1301	34438388	34454439	2	Os01g0810600,Os01g0810800
1	251	34588835	34609152	2	Os01g0813700,Os01g0813800
1	3583	34705486	34734804	2	Os01g0816400,Os01g0816500
1	1504	34868412	34880637	2	Os01g0818600,Os01g0818700
1	136	34917652	34941800	2	Os01g0819400,Os01g0819500
1	357	34981468	35003226	2	Os01g0820400,Os01g0820700
1	3587	35278373	35287943	2	Os01g0825166,Os01g0825332
1	3598	35682337	35685747	2	Os01g0833150,Os01g0833200
1	1109	35760071	35764006	2	Os01g0834500,Os01g0834600
1	132	36165932	36180127	2	Os01g0842400,Os01g0842500
1	3615	36353072	36365448	2	Os01g0846450,Os01g0846500
1	818	36403442	36420029	3	Os01g0847600,Os01g0847700,Os01g0847800
1	607	36617104	36636717	3	Os01g0850550,Os01g0850700,Os01g0850800
1	2234	37647790	37654285	2	Os01g0868800,Os01g0868900
1	213	37739465	37748575	2	Os01g0870400,Os01g0870500
1	489	37790484	37797741	2	Os01g0871500,Os01g0871600
1	256	37804021	37826818	4	Os01g0871800,Os01g0871900,Os01g0872000,Os01g0872100
1	256	37830130	37833242	2	Os01g0872400,Os01g0872450
1	3654	38139227	38146141	2	Os01g0878800,Os01g0878900
1	3655	38148684	38152044	2	Os01g0879200,Os01g0879300
1	2246	38287883	38290970	2	Os01g0882000,Os01g0882100
1	1381	38807395	38815213	2	Os01g0892500,Os01g0892600
1	1125	38916092	38926377	2	Os01g0895200,Os01g0895300
1	3669	38968295	38976375	2	Os01g0896700,Os01g0896800
1	2252	38990969	38997439	2	Os01g0897200,Os01g0897300
1	3673	39110685	39115037	2	Os01g0899275,Os01g0899350
1	3676	39408313	39413189	2	Os01g0905200,Os01g0905300
1	2262	39876458	39879405	2	Os01g0915200,Os01g0915401
1	3681	39918940	39923794	2	Os01g0915900,Os01g0916000
1	3685	40061648	40066375	2	Os01g0918200,Os01g0918300
1	260	40194213	40216944	4	Os01g0920500,Os01g0920800,Os01g0921000,Os01g0921100
1	830	40626435	40634763	2	Os01g0926600,Os01g0926700
1	1548	40759332	40778604	3	Os01g0928600,Os01g0928700,Os01g0928800
1	88	40849226	40852947	3	Os01g0930900,Os01g0930950,Os01g0931000
1	2198	40875375	40881181	2	Os01g0931600,Os01g0931700
1	581	40999828	41008440	4	Os01g0934600,Os01g0934700,Os01g0934800,Os01g0934900
1	3697	41133779	41140530	2	Os01g0937012,Os01g0937025
1	1053	41139355	41143416	2	Os01g0937050,Os01g0937100
1	2276	41166235	41177695	3	Os01g0937500,Os01g0937600,Os01g0937800
1	103	41346648	41376297	4	Os01g0940700,Os01g0940800,Os01g0941200,Os01g0941500
1	103	41525702	41537927	3	Os01g0944500,Os01g0944700,Os01g0944800
1	834	41839952	41845305	3	Os01g0949700,Os01g0949750,Os01g0949800
1	3707	41887067	41896238	2	Os01g0951200,Os01g0951400
1	30	41914684	41919058	2	Os01g0952000,Os01g0952100
1	1086	42074192	42080556	3	Os01g0955100,Os01g0955400,Os01g0955500
1	17	42207009	42213685	2	Os01g0957600,Os01g0957800
1	836	42281274	42283619	2	Os01g0959100,Os01g0959200
1	641	42700985	42707981	3	Os01g0968100,Os01g0968200,Os01g0968300
2	593	172243	179370	2	Os02g0103500,Os02g0103600
2	70	304089	316458	2	Os02g0105600,Os02g0105800
2	1565	410645	418387	2	Os02g0106966,Os02g0107000
2	1138	509377	517148	2	Os02g0109400,Os02g0109501
2	2139	655324	669053	2	Os02g0112100,Os02g0112600
2	1140	743366	748174	2	Os02g0113800,Os02g0113900
2	78	862273	869292	2	Os02g0116300,Os02g0116400
2	549	993563	1003399	2	Os02g0118900,Os02g0118950
2	203	2161770	2178755	2	Os02g0140400,Os02g0140500
2	104	2406632	2409319	2	Os02g0143300,Os02g0143400
2	40	2933952	2948974	3	Os02g0153100,Os02g0153200,Os02g0153400
2	40	2958786	2982356	4	Os02g0153700,Os02g0153900,Os02g0154000,Os02g0154200
2	328	3028276	3040481	2	Os02g0155000,Os02g0155300
2	40	3037622	3072625	4	Os02g0155400,Os02g0155600,Os02g0155700,Os02g0155900
2	40	3097247	3104794	2	Os02g0156600,Os02g0156633
2	40	3106371	3129256	4	Os02g0156800,Os02g0157000,Os02g0157100,Os02g0157200
2	40	3132777	3138125	2	Os02g0157400,Os02g0157501
2	3810	3929618	3946543	2	Os02g0172000,Os02g0172300
2	17	4740049	4767187	3	Os02g0184900,Os02g0185200,Os02g0185300
2	17	4768846	4776253	2	Os02g0185400,Os02g0185500
2	17	4785324	4797937	3	Os02g0185900,Os02g0186100,Os02g0186200
2	17	4824246	4830333	3	Os02g0186800,Os02g0186900,Os02g0187000
2	315	4942762	4948386	2	Os02g0189200,Os02g0189300
2	98	4976661	4985863	2	Os02g0190000,Os02g0190100
2	648	5183536	5195290	3	Os02g0193100,Os02g0193200,Os02g0193300
2	3856	5812094	5825115	2	Os02g0204000,Os02g0204200
2	345	5955018	5967648	2	Os02g0206100,Os02g0206400
2	345	6007623	6018933	2	Os02g0207100,Os02g0207400
2	90	6247083	6256373	2	Os02g0211800,Os02g0211900
2	2357	6265995	6271547	3	Os02g0212300,Os02g0212400,Os02g0212500
2	276	6476685	6490577	2	Os02g0215700,Os02g0215900
2	2362	6644227	6649777	2	Os02g0219000,Os02g0219050
2	2363	6716992	6724318	2	Os02g0220500,Os02g0220600
2	649	7164809	7184521	3	Os02g0227600,Os02g0227700,Os02g0227900
2	649	7219172	7224467	2	Os02g0228151,Os02g0228300
2	13	7751287	7771054	3	Os02g0236600,Os02g0236800,Os02g0237000
2	13	7938411	7949997	2	Os02g0240100,Os02g0240300
2	605	8033812	8053519	2	Os02g0242100,Os02g0242550
2	605	8076332	8093845	2	Os02g0242900,Os02g0243300
2	1	8367222	8384118	2	Os02g0248100,Os02g0248200
2	143	8401328	8408682	2	Os02g0248800,Os02g0249000
2	1	8416954	8423702	2	Os02g0249200,Os02g0249300
2	143	8458664	8467035	2	Os02g0249800,Os02g0249900
2	1452	8539273	8542125	2	Os02g0251800,Os02g0251900
2	772	9142458	9290817	5	Os02g0261400,Os02g0261800,Os02g0262600,Os02g0262800,Os02g0263432
2	143	9580486	9587998	2	Os02g0268100,Os02g0268300
2	33	9757895	9829343	4	Os02g0270800,Os02g0270900,Os02g0271000,Os02g0271600
2	3892	10135285	10155192	2	Os02g0276200,Os02g0276400
2	1153	10447151	10508541	2	Os02g0281200,Os02g0282000
2	588	10854309	10862862	3	Os02g0287800,Os02g0287900,Os02g0288000
2	166	11015828	11059975	2	Os02g0291000,Os02g0291400
2	3308	11071696	11120334	2	Os02g0291600,Os02g0292600
2	994	11209135	11294043	2	Os02g0294700,Os02g0295700
2	658	11716855	11731398	2	Os02g0302200,Os02g0302450
2	659	12065293	12079958	2	Os02g0307400,Os02g0307700
2	555	12113907	12129233	2	Os02g0308400,Os02g0308800
2	1618	12143096	12154677	2	Os02g0309200,Os02g0309500
2	1618	12191527	12219582	2	Os02g0310500,Os02g0311150
2	3916	12650106	12657291	2	Os02g0318200,Os02g0318400
2	29	12664725	12680627	3	Os02g0318450,Os02g0318500,Os02g0318600
2	1623	15044721	15059599	2	Os02g0454500,Os02g0454700
2	92	15130358	15134819	2	Os02g0455800,Os02g0455900
2	34	16082576	16091031	2	Os02g0472500,Os02g0472566
2	166	16503646	16534304	2	Os02g0480466,Os02g0480800
2	656	16678288	16703949	3	Os02g0483500,Os02g0483800,Os02g0484200
2	656	16750745	16807323	2	Os02g0485000,Os02g0485800
2	30	17165188	17175893	3	Os02g0491600,Os02g0491700,Os02g0491800
2	855	17183488	17204516	2	Os02g0491900,Os02g0492000
2	855	17245021	17265927	2	Os02g0492900,Os02g0493050
2	856	17308584	17335567	2	Os02g0494000,Os02g0494400
2	96	17676359	17678224	2	Os02g0500700,Os02g0502300
2	567	17862192	17886285	5	Os02g0503700,Os02g0503800,Os02g0503850,Os02g0503900,Os02g0504000
2	212	18181861	18211991	2	Os02g0508801,Os02g0509500
2	2412	18277595	18310133	2	Os02g0511100,Os02g0511400
2	3962	19011509	19020302	2	Os02g0521500,Os02g0521600
2	2414	19058884	19072348	2	Os02g0522700,Os02g0522800
2	2425	19834281	19838827	2	Os02g0537000,Os02g0537100
2	1	21295214	21308677	2	Os02g0561800,Os02g0561900
2	119	21662608	21741960	3	Os02g0569000,Os02g0569400,Os02g0569900
2	1173	21853581	21897686	2	Os02g0571300,Os02g0571800
2	1	21917368	21926203	2	Os02g0572200,Os02g0572300
2	595	22010746	22017622	2	Os02g0574000,Os02g0574100
2	207	22311834	22321276	2	Os02g0579800,Os02g0580000
2	1647	22468206	22475689	2	Os02g0582600,Os02g0582800
2	4022	22509550	22531379	2	Os02g0583700,Os02g0584200
2	664	22550855	22554242	2	Os02g0584700,Os02g0584800
2	664	22558881	22562946	2	Os02g0585100,Os02g0585200
2	4023	22572570	22580613	2	Os02g0585700,Os02g0586000
2	4024	22622384	22627180	2	Os02g0586900,Os02g0587000
2	496	22722799	22726713	2	Os02g0589000,Os02g0589100
2	496	22757091	22808493	5	Os02g0589700,Os02g0589900,Os02g0590000,Os02g0590200,Os02g0590400
2	1649	23069835	23085477	2	Os02g0594900,Os02g0595100
2	121	23386353	23404718	2	Os02g0599151,Os02g0599200
2	665	23688585	23712446	4	Os02g0604600,Os02g0604700,Os02g0604800,Os02g0605000
2	665	23784761	23812868	3	Os02g0607000,Os02g0607100,Os02g0607400
2	1654	23885640	23890742	2	Os02g0608550,Os02g0608600
2	942	24327114	24354486	2	Os02g0615500,Os02g0615800
2	2451	24683711	24692425	2	Os02g0620533,Os02g0620566
2	265	24973448	24989388	2	Os02g0626100,Os02g0626400
2	265	24993130	25009018	2	Os02g0626600,Os02g0627100
2	4090	25459520	25469526	2	Os02g0635000,Os02g0635200
2	1185	25523466	25529056	2	Os02g0636600,Os02g0636700
2	78	26171617	26202104	2	Os02g0649900,Os02g0650300
2	4102	26381932	26389528	2	Os02g0654000,Os02g0654100
2	2	26524619	26552002	2	Os02g0656600,Os02g0657000
2	128	26579595	26582533	2	Os02g0657775,Os02g0657850
2	22	26804988	26815393	2	Os02g0662000,Os02g0662100
2	778	27156852	27162721	2	Os02g0668900,Os02g0669000
2	1667	27386926	27394188	2	Os02g0673000,Os02g0673100
2	2	27621222	27654206	2	Os02g0676800,Os02g0677300
2	37	28132758	28154410	3	Os02g0686700,Os02g0686800,Os02g0687200
2	875	28532904	28548337	3	Os02g0694400,Os02g0694600,Os02g0694700
2	308	28582125	28587965	2	Os02g0695800,Os02g0695900
2	602	29890269	29894313	2	Os02g0720500,Os02g0720600
2	2120	30343011	30347793	2	Os02g0729100,Os02g0729200
2	879	30631324	30654596	3	Os02g0734400,Os02g0734500,Os02g0734600
2	1195	30775901	30785350	3	Os02g0737200,Os02g0737300,Os02g0737401
2	4170	30787801	30799746	2	Os02g0737950,Os02g0738100
2	1879	31120649	31129535	2	Os02g0742800,Os02g0742900
2	55	31787348	31807800	3	Os02g0755500,Os02g0755600,Os02g0755900
2	410	31824134	31841768	3	Os02g0756200,Os02g0756600,Os02g0756800
2	2147	32088131	32093988	2	Os02g0761900,Os02g0762100
2	402	32191250	32199486	2	Os02g0764200,Os02g0764400
2	362	32243175	32250174	2	Os02g0765400,Os02g0765600
2	148	32976864	32987749	3	Os02g0778900,Os02g0779000,Os02g0779200
2	882	33324540	33336168	2	Os02g0785000,Os02g0785200
2	34	33408020	33426476	2	Os02g0786500,Os02g0786900
2	4221	33491615	33495763	2	Os02g0788300,Os02g0788400
2	728	33821223	33828267	2	Os02g0795666,Os02g0795732
2	4229	33843885	33847806	2	Os02g0796000,Os02g0796100
2	4230	33982930	33987712	2	Os02g0798400,Os02g0798501
2	332	34009244	34017287	2	Os02g0798800,Os02g0798900
2	388	34053182	34059033	2	Os02g0799600,Os02g0799700
2	675	34081775	34085028	2	Os02g0800300,Os02g0800400
2	675	34133450	34139283	3	Os02g0800900,Os02g0801000,Os02g0801100
2	59	34531556	34553608	2	Os02g0808100,Os02g0808300
2	411	34794245	34825820	6	Os02g0812500,Os02g0812600,Os02g0812700,Os02g0813000,Os02g0813083,Os02g0813166
2	4248	34900421	34903148	2	Os02g0814300,Os02g0814400
2	241	35534139	35536130	2	Os02g0826675,Os02g0826700
2	4263	35660775	35671730	2	Os02g0829500,Os02g0829600
2	100	35790162	35804494	2	Os02g0832400,Os02g0832500
3	1695	152781	169983	3	Os03g0102300,Os03g0102333,Os03g0102366
3	22	208340	220919	3	Os03g0103100,Os03g0103200,Os03g0103300
3	726	272404	274762	2	Os03g0103950,Os03g0104000
3	269	391571	398440	2	Os03g0106700,Os03g0106800
3	1517	922684	926283	2	Os03g0116300,Os03g0116316
3	2557	1567984	1575496	2	Os03g0127900,Os03g0127950
3	100	1582250	1602046	2	Os03g0128100,Os03g0128200
3	1703	1952302	1955959	2	Os03g0135200,Os03g0135300
3	559	2170144	2213793	3	Os03g0139600,Os03g0140100,Os03g0140200
3	1706	2302598	2331600	2	Os03g0141800,Os03g0142200
3	522	2466460	2473021	2	Os03g0144300,Os03g0144500
3	786	2609710	2615443	2	Os03g0146900,Os03g0147001
3	48	2723037	2727559	2	Os03g0149000,Os03g0149100
3	1	2771187	2777769	2	Os03g0149700,Os03g0149800
3	807	2951457	2967286	4	Os03g0153500,Os03g0153900,Os03g0154000,Os03g0154100
3	20	2998855	3004537	2	Os03g0155300,Os03g0155500
3	20	3006419	3037894	4	Os03g0155700,Os03g0155900,Os03g0156000,Os03g0156300
3	4336	3444764	3453008	2	Os03g0163600,Os03g0163900
3	222	3567173	3571828	2	Os03g0166100,Os03g0166200
3	4347	3889565	3893580	2	Os03g0172700,Os03g0172850
3	1711	4095378	4113589	3	Os03g0177400,Os03g0177500,Os03g0177900
3	1712	4131128	4136490	2	Os03g0178300,Os03g0178400
3	518	4236724	4249816	2	Os03g0180900,Os03g0181100
3	3250	4367273	4373458	2	Os03g0183200,Os03g0183300
3	3414	4441960	4446466	2	Os03g0184550,Os03g0184600
3	1186	4667276	4685170	2	Os03g0189400,Os03g0189600
3	1715	4888551	4889614	2	Os03g0193700,Os03g0193901
3	4371	4913314	4926075	2	Os03g0194600,Os03g0194900
3	101	4957502	4992392	2	Os03g0195500,Os03g0195800
3	895	5327677	5335603	2	Os03g0201800,Os03g0201901
3	1718	5749954	5755913	3	Os03g0210000,Os03g0210100,Os03g0210200
3	1220	7092864	7101570	3	Os03g0233900,Os03g0234000,Os03g0234100
3	13	7124925	7129609	2	Os03g0234900,Os03g0235000
3	219	7147366	7168860	2	Os03g0235700,Os03g0235900
3	105	7675772	7679130	2	Os03g0245200,Os03g0245300
3	4422	8327284	8331769	2	Os03g0257500,Os03g0257600
3	184	8833718	8835576	2	Os03g0266900,Os03g0267000
3	88	8938481	8952082	3	Os03g0268900,Os03g0269000,Os03g0269100
3	629	9654333	9667255	2	Os03g0281900,Os03g0282100
3	1734	9708208	9719884	3	Os03g0283000,Os03g0283100,Os03g0283200
3	2603	9935309	9940509	2	Os03g0287600,Os03g0287700
3	1621	10393657	10400008	2	Os03g0297100,Os03g0297300
3	4457	10645184	10648574	2	Os03g0301950,Os03g0302000
3	2608	10926469	10930895	2	Os03g0307200,Os03g0307300
3	1112	11422308	11450605	2	Os03g0317300,Os03g0317900
3	1742	11449432	11461021	2	Os03g0318025,Os03g0318150
3	405	11769669	11778327	2	Os03g0324200,Os03g0324300
3	1004	11883831	11898228	3	Os03g0326000,Os03g0326100,Os03g0326200
3	280	12047013	12071893	2	Os03g0328900,Os03g0329200
3	13	12611816	12619711	2	Os03g0339300,Os03g0339400
3	4473	12739354	12754664	2	Os03g0341600,Os03g0342100
3	524	13038733	13070842	2	Os03g0347900,Os03g0348200
3	2622	13126146	13137486	2	Os03g0350100,Os03g0350300
3	333	13712274	13723311	2	Os03g0356582,Os03g0356596
3	684	14035702	14092508	5	Os03g0361100,Os03g0361500,Os03g0361600,Os03g0361700,Os03g0362032
3	2625	14153896	14170408	2	Os03g0363500,Os03g0363600
3	99	14553015	14573221	5	Os03g0370900,Os03g0371000,Os03g0371300,Os03g0371350,Os03g0371400
3	1154	15300737	15309776	2	Os03g0385100,Os03g0385400
3	1910	15395285	15403844	2	Os03g0386700,Os03g0386800
3	900	15584826	15587152	2	Os03g0389400,Os03g0389501
3	1184	15801586	15825179	2	Os03g0393375,Os03g0393700
3	1750	16209132	16215417	2	Os03g0399800,Os03g0399900
3	4528	16551354	16577673	2	Os03g0404800,Os03g0405000
3	960	16594185	16632054	3	Os03g0405500,Os03g0405550,Os03g0405900
3	182	17680228	17710049	2	Os03g0424000,Os03g0424200
3	1232	18388075	18392238	2	Os03g0435800,Os03g0435900
3	81	18430425	18437086	2	Os03g0437100,Os03g0437200
3	903	20725388	20782658	2	Os03g0570800,Os03g0571700
3	395	20978620	21007629	2	Os03g0574900,Os03g0575200
3	2059	21275422	21313520	2	Os03g0580200,Os03g0580800
3	482	21416192	21421069	2	Os03g0582200,Os03g0582300
3	1488	23048126	23068159	3	Os03g0610650,Os03g0610700,Os03g0610800
3	1765	23500021	23510727	2	Os03g0619800,Os03g0619850
3	2661	23568423	23577245	2	Os03g0621600,Os03g0621650
3	4580	23609771	23616375	2	Os03g0622100,Os03g0622200
3	1767	24189817	24197393	2	Os03g0633100,Os03g0633400
3	76	24198649	24213858	2	Os03g0633500,Os03g0633800
3	1770	24768026	24786767	2	Os03g0642900,Os03g0643000
3	668	25690409	25760738	2	Os03g0658000,Os03g0658800
3	481	25884212	25899041	3	Os03g0660300,Os03g0660400,Os03g0660500
3	63	26032958	26035297	2	Os03g0663400,Os03g0663500
3	557	26979830	27050075	7	Os03g0680100,Os03g0680200,Os03g0680300,Os03g0680400,Os03g0680500,Os03g0680566,Os03g0680600
3	139	27051401	27063359	2	Os03g0680700,Os03g0680800
3	113	27153508	27176225	2	Os03g0682200,Os03g0682600
3	4620	27520367	27537829	2	Os03g0689544,Os03g0689688
3	1357	27779100	27792047	4	Os03g0693700,Os03g0693800,Os03g0693900,Os03g0694000
3	1240	28054566	28069515	4	Os03g0699800,Os03g0699950,Os03g0700100,Os03g0700200
3	35	28240368	28252049	2	Os03g0703000,Os03g0703100
3	4639	29794747	29800489	2	Os03g0729200,Os03g0729300
3	233	29871085	29887239	2	Os03g0730500,Os03g0730700
3	4642	29950669	29974490	2	Os03g0731900,Os03g0732000
3	1776	30070303	30077044	4	Os03g0733900,Os03g0734000,Os03g0734100,Os03g0734200
3	2695	30224194	30230172	2	Os03g0737300,Os03g0737400
3	18	31031753	31055017	2	Os03g0752800,Os03g0753100
3	1244	31179872	31190795	2	Os03g0755625,Os03g0755700
3	1608	31281967	31297066	3	Os03g0757000,Os03g0757100,Os03g0757200
3	4649	31299182	31304305	2	Os03g0757500,Os03g0757600
3	1589	31443454	31455626	3	Os03g0760200,Os03g0760300,Os03g0760500
3	298	31526874	31533502	2	Os03g0762300,Os03g0762400
3	1782	31729638	31736253	3	Os03g0766100,Os03g0766200,Os03g0766350
3	359	31964738	31991587	2	Os03g0771500,Os03g0772100
3	19	32008474	32015229	2	Os03g0772600,Os03g0772700
3	771	33034615	33037983	3	Os03g0794200,Os03g0794300,Os03g0794400
3	689	33099408	33105394	2	Os03g0795600,Os03g0795800
3	1246	33194541	33228543	4	Os03g0797000,Os03g0797300,Os03g0797400,Os03g0797500
3	146	33253749	33260232	2	Os03g0798000,Os03g0798101
3	57	33482291	33489809	2	Os03g0802500,Os03g0802600
3	1356	33586465	33591872	3	Os03g0804500,Os03g0804600,Os03g0804700
3	1790	33638650	33647519	2	Os03g0805600,Os03g0805700
3	2710	33645107	33653755	2	Os03g0805733,Os03g0805766
3	2218	33927612	33937615	2	Os03g0810600,Os03g0810700
3	183	34036246	34055950	2	Os03g0812400,Os03g0812800
3	2716	34311343	34325381	2	Os03g0817800,Os03g0817900
3	15	34424180	34428391	2	Os03g0820300,Os03g0820400
3	270	34430457	34434187	2	Os03g0820500,Os03g0820600
3	2717	34554649	34559878	2	Os03g0823100,Os03g0823200
3	321	34560598	34562479	2	Os03g0823301,Os03g0823350
3	2718	34733490	34740504	2	Os03g0826800,Os03g0826900
3	378	34792025	34800760	2	Os03g0828300,Os03g0828500
3	753	34820687	34828944	2	Os03g0829100,Os03g0829200
3	207	34860760	34884578	5	Os03g0829900,Os03g0830200,Os03g0830300,Os03g0830400,Os03g0830500
3	300	35693286	35732118	2	Os03g0848700,Os03g0849500
3	260	35753369	35768986	2	Os03g0849800,Os03g0849900
3	1792	36184724	36190366	2	Os03g0857500,Os03g0857600
3	1136	36281400	36284798	2	Os03g0859600,Os03g0859700
3	167	36320679	36338948	2	Os03g0860700,Os03g0860801
4	2727	87621	97611	2	Os04g0101100,Os04g0101300
4	448	443167	457102	3	Os04g0107200,Os04g0107300,Os04g0107500
4	2697	646206	650068	2	Os04g0111200,Os04g0111225
4	4755	1054609	1076436	2	Os04g0117900,Os04g0118100
4	33	1201627	1284856	6	Os04g0120100,Os04g0120300,Os04g0120350,Os04g0121100,Os04g0121200,Os04g0121300
4	33	1702012	1720332	3	Os04g0127100,Os04g0127200,Os04g0127300
4	1522	1974598	1997936	2	Os04g0131850,Os04g0131900
4	516	2300969	2372469	2	Os04g0135400,Os04g0136000
4	516	2752711	2758796	2	Os04g0140400,Os04g0140666
4	416	3586585	3608420	2	Os04g0152000,Os04g0152400
4	416	3635325	3650213	2	Os04g0153000,Os04g0153200
4	416	3724238	3768464	2	Os04g0154700,Os04g0154800
4	4771	4469893	4490101	2	Os04g0165900,Os04g0166000
4	1419	4835200	4853694	2	Os04g0170866,Os04g0171232
4	1760	4869933	4878321	2	Os04g0171600,Os04g0171800
4	532	5161947	5194492	3	Os04g0175600,Os04g0175900,Os04g0176200
4	39	5380120	5387215	2	Os04g0179100,Os04g0179200
4	181	5644979	5649613	2	Os04g0182875,Os04g0182900
4	693	5728136	5740550	2	Os04g0184250,Os04g0184450
4	181	5739476	5740266	2	Os04g0184500,Os04g0184801
4	123	5811361	5849272	2	Os04g0185600,Os04g0186400
4	3811	6053705	6070580	2	Os04g0189400,Os04g0189800
4	1523	6247543	6264062	2	Os04g0191600,Os04g0191800
4	1797	6314737	6380789	2	Os04g0192775,Os04g0193200
4	1561	6912953	6914107	2	Os04g0201800,Os04g0201500
4	763	6955489	6969072	2	Os04g0202300,Os04g0202500
4	437	7021347	7033453	3	Os04g0203600,Os04g0204000,Os04g0204100
4	437	7150656	7159820	3	Os04g0206450,Os04g0206500,Os04g0206600
4	115	7221326	7251823	2	Os04g0207600,Os04g0208200
4	2039	7301574	7325788	2	Os04g0209200,Os04g0209300
4	118	7973330	7983880	2	Os04g0219550,Os04g0219600
4	953	8479770	8499957	2	Os04g0226666,Os04g0226800
4	827	11375483	11410320	2	Os04g0271700,Os04g0272200
4	4796	12588570	12592096	2	Os04g0289600,Os04g0289700
4	553	12661871	12673930	2	Os04g0291000,Os04g0291100
4	16	12718050	12725101	2	Os04g0292150,Os04g0291900
4	107	13173357	13174745	2	Os04g0297933,Os04g0298066
4	24	13913869	13925115	2	Os04g0307900,Os04g0308100
4	55	14302605	14313175	2	Os04g0313900,Os04g0314100
4	1801	14492627	14528182	2	Os04g0316800,Os04g0317300
4	129	14535043	14559609	3	Os04g0317400,Os04g0317500,Os04g0317800
4	55	14680109	14694215	2	Os04g0319700,Os04g0319800
4	55	14742590	14789443	2	Os04g0320700,Os04g0321100
4	55	14969861	14988997	2	Os04g0324100,Os04g0324400
4	55	15107706	15121909	2	Os04g0326100,Os04g0326201
4	129	15269336	15292975	3	Os04g0328900,Os04g0329200,Os04g0329300
4	1801	15297923	15314063	2	Os04g0329500,Os04g0329650
4	2400	15865222	15879964	2	Os04g0337201,Os04g0337300
4	472	15889234	15928109	4	Os04g0337500,Os04g0337800,Os04g0338000,Os04g0338100
4	524	16349941	16384140	2	Os04g0344100,Os04g0344400
4	4817	16795191	16800341	2	Os04g0351800,Os04g0351933
4	413	16882610	16933860	2	Os04g0353600,Os04g0354400
4	413	16945210	17002986	2	Os04g0354600,Os04g0355500
4	4819	17084194	17098154	2	Os04g0357500,Os04g0357700
4	216	17874313	17909802	3	Os04g0368000,Os04g0368300,Os04g0368800
4	277	17915386	17940263	2	Os04g0369066,Os04g0369100
4	216	17960744	18005396	2	Os04g0369600,Os04g0370100
4	332	18012199	18030493	3	Os04g0370300,Os04g0370500,Os04g0370600
4	216	18042195	18072738	4	Os04g0370900,Os04g0371000,Os04g0371100,Os04g0371200
4	854	18258101	18274223	2	Os04g0374400,Os04g0374601
4	212	19061597	19081059	2	Os04g0387600,Os04g0387900
4	78	19221064	19231750	2	Os04g0390500,Os04g0390600
4	2413	19233125	19239026	2	Os04g0390700,Os04g0390800
4	915	19300027	19332227	4	Os04g0392300,Os04g0392500,Os04g0393100,Os04g0393200
4	531	19796632	19844276	6	Os04g0400000,Os04g0400600,Os04g0400700,Os04g0400800,Os04g0401000,Os04g0401100
4	4836	20224698	20230969	2	Os04g0408700,Os04g0408900
4	1116	20343298	20353555	2	Os04g0411800,Os04g0412000
4	36	20758076	20771468	2	Os04g0419900,Os04g0420033
4	916	20811155	20820363	2	Os04g0420700,Os04g0420801
4	2760	21281751	21293643	2	Os04g0429500,Os04g0429600
4	192	21491470	21507281	2	Os04g0433000,Os04g0433100
4	2763	21650405	21661772	2	Os04g0435325,Os04g0435475
4	2432	21844512	21856316	2	Os04g0439100,Os04g0439200
4	4844	22369763	22373089	2	Os04g0448900,Os04g0448950
4	2392	22381340	22387707	2	Os04g0449100,Os04g0449200
4	1	22435662	22443686	2	Os04g0450300,Os04g0450400
4	266	22821083	22830301	3	Os04g0456200,Os04g0456300,Os04g0456700
4	600	22969845	22980329	2	Os04g0460200,Os04g0460300
4	664	23422508	23436494	2	Os04g0469000,Os04g0469300
4	35	23715504	23733589	2	Os04g0474300,Os04g0474500
4	35	23735317	23767401	3	Os04g0474700,Os04g0474800,Os04g0474900
4	763	23770072	23781629	2	Os04g0475100,Os04g0475200
4	1590	24044380	24051142	3	Os04g0480600,Os04g0480650,Os04g0480700
4	1177	24054885	24067935	3	Os04g0480900,Os04g0481000,Os04g0481200
4	2394	24098311	24102538	2	Os04g0481800,Os04g0481900
4	2772	24103028	24111210	2	Os04g0482000,Os04g0482100
4	536	24546646	24566456	3	Os04g0491200,Os04g0491350,Os04g0491500
4	863	24687753	24709910	3	Os04g0493400,Os04g0493600,Os04g0494100
4	304	24725907	24753063	5	Os04g0494600,Os04g0494800,Os04g0494900,Os04g0494950,Os04g0495000
4	2447	24810332	24816067	2	Os04g0496000,Os04g0496150
4	438	25526675	25534892	2	Os04g0510200,Os04g0510300
4	1680	25554772	25565153	2	Os04g0510900,Os04g0511200
4	1644	26206388	26215366	2	Os04g0523650,Os04g0523812
4	78	26236705	26252252	2	Os04g0524500,Os04g0524600
4	1185	26342449	26348499	2	Os04g0526800,Os04g0527000
4	19	26572754	26578707	2	Os04g0531400,Os04g0531500
4	324	26580262	26584951	2	Os04g0531700,Os04g0531750
4	324	26590627	26613837	2	Os04g0531900,Os04g0532100
4	4882	26679487	26683945	2	Os04g0533700,Os04g0533800
4	867	26689858	26700515	2	Os04g0534000,Os04g0534100
4	318	27328757	27335203	2	Os04g0545400,Os04g0545600
4	2	27517205	27540865	3	Os04g0549700,Os04g0549800,Os04g0550200
4	22	27740064	27754530	3	Os04g0554500,Os04g0554600,Os04g0554800
4	1054	27795857	27815440	2	Os04g0555500,Os04g0555600
4	853	27843255	27854961	3	Os04g0556400,Os04g0556500,Os04g0556600
4	224	27881155	27955640	3	Os04g0557200,Os04g0557500,Os04g0557800
4	853	28315067	28338321	2	Os04g0565200,Os04g0565400
4	2	28813791	28821520	2	Os04g0572200,Os04g0572400
4	873	29412733	29434383	2	Os04g0582000,Os04g0582600
4	37	29588252	29625055	5	Os04g0585700,Os04g0585900,Os04g0586000,Os04g0586100,Os04g0586200
4	743	29658700	29672579	3	Os04g0587300,Os04g0587400,Os04g0587500
4	4906	30001534	30005122	2	Os04g0593400,Os04g0593500
4	875	30012155	30026167	3	Os04g0593700,Os04g0593800,Os04g0594000
4	24	30196157	30223167	4	Os04g0598600,Os04g0598800,Os04g0598900,Os04g0599000
4	1619	30287197	30293040	2	Os04g0600200,Os04g0600300
4	528	30377828	30384728	2	Os04g0601800,Os04g0602000
4	71	30518927	30523556	2	Os04g0604800,Os04g0604900
4	862	31019367	31041387	3	Os04g0611700,Os04g0611800,Os04g0612000
4	917	31103334	31107921	2	Os04g0613500,Os04g0613600
4	1139	31169012	31182430	2	Os04g0614500,Os04g0614600
4	3200	31239185	31249612	2	Os04g0615700,Os04g0615800
4	16	31270141	31321192	6	Os04g0616282,Os04g0616300,Os04g0616400,Os04g0616500,Os04g0616600,Os04g0616700
4	841	31551859	31558637	2	Os04g0620800,Os04g0620950
4	813	31721661	31751604	4	Os04g0624100,Os04g0624400,Os04g0624450,Os04g0624500
4	192	31809708	31813399	2	Os04g0625500,Os04g0625600
4	4921	31831245	31842050	2	Os04g0626000,Os04g0626100
4	301	31855518	31867385	2	Os04g0626450,Os04g0626500
4	4922	31875725	31894575	2	Os04g0626600,Os04g0626700
4	537	32049063	32065731	3	Os04g0630100,Os04g0630300,Os04g0630400
4	537	32085612	32135388	3	Os04g0630800,Os04g0630900,Os04g0631000
4	3	32189416	32196947	2	Os04g0632500,Os04g0632600
4	3	32199986	32226952	2	Os04g0632901,Os04g0633200
4	3	32239057	32248172	2	Os04g0633600,Os04g0633800
4	1042	32254122	32276841	2	Os04g0634000,Os04g0634400
4	263	32297571	32333991	4	Os04g0635000,Os04g0635100,Os04g0635400,Os04g0635500
4	2798	32476494	32479514	2	Os04g0639000,Os04g0639100
4	4928	32525473	32537644	2	Os04g0639700,Os04g0639800
4	2800	32963581	32994650	3	Os04g0647900,Os04g0648200,Os04g0648400
4	1813	33399564	33409844	2	Os04g0654800,Os04g0655000
4	711	33418637	33422584	2	Os04g0655300,Os04g0655400
4	1065	33517229	33525163	2	Os04g0657100,Os04g0657300
4	697	33925445	33930533	2	Os04g0664500,Os04g0664600
4	201	33940929	33946513	2	Os04g0664800,Os04g0664900
4	2804	34148182	34154923	3	Os04g0669500,Os04g0669600,Os04g0669700
4	4938	34155536	34164342	2	Os04g0669800,Os04g0669900
4	1072	34541271	34553030	2	Os04g0676600,Os04g0676650
4	2295	34669394	34676866	2	Os04g0679000,Os04g0679050
4	765	35187454	35246736	6	Os04g0688100,Os04g0688200,Os04g0688300,Os04g0688500,Os04g0688600,Os04g0689000
4	4925	35445566	35459864	2	Os04g0692700,Os04g0692750
4	4953	35492782	35497285	2	Os04g0693200,Os04g0693250
5	212	189770	193927	2	Os05g0103300,Os05g0103400
5	1309	227008	249419	3	Os05g0104150,Os05g0104200,Os05g0104600
5	738	338917	348856	2	Os05g0106200,Os05g0106300
5	3381	368284	375683	2	Os05g0106800,Os05g0106900
5	1436	494751	516038	2	Os05g0109100,Os05g0109400
5	4966	1348492	1404503	2	Os05g0124000,Os05g0124600
5	7	1461362	1469116	2	Os05g0125300,Os05g0125400
5	2810	1761969	1782890	2	Os05g0130200,Os05g0130300
5	2811	1830765	1844553	2	Os05g0131100,Os05g0131401
5	296	2010153	2046373	3	Os05g0134400,Os05g0134700,Os05g0134800
5	160	2165243	2171491	2	Os05g0137100,Os05g0137200
5	457	2251313	2259688	2	Os05g0139200,Os05g0139300
5	4972	2452663	2465034	2	Os05g0142200,Os05g0142400
5	162	2793637	2797546	2	Os05g0148800,Os05g0148900
5	466	2819814	2826912	2	Os05g0149300,Os05g0149400
5	2816	3036073	3047055	3	Os05g0152600,Os05g0152700,Os05g0152900
5	920	3361187	3438233	4	Os05g0157500,Os05g0157600,Os05g0158200,Os05g0158400
5	36	3878200	3959179	2	Os05g0165900,Os05g0166300
5	36	3970970	3982992	2	Os05g0166600,Os05g0166900
5	2736	4076007	4094599	2	Os05g0167600,Os05g0168200
5	2818	4326514	4331343	2	Os05g0172400,Os05g0172500
5	2688	4613625	4623045	2	Os05g0177100,Os05g0177400
5	888	5025091	5027440	2	Os05g0183200,Os05g0183300
5	440	5534529	5654777	5	Os05g0190300,Os05g0190500,Os05g0191500,Os05g0191700,Os05g0192100
5	980	6539979	6544643	2	Os05g0205000,Os05g0205050
5	4997	6576138	6582888	2	Os05g0206000,Os05g0206100
5	249	7249980	7257163	2	Os05g0217700,Os05g0217800
5	4610	7552500	7559206	2	Os05g0223200,Os05g0223300
5	1723	7634230	7648191	2	Os05g0224800,Os05g0224900
5	1822	7685383	7693302	2	Os05g0225800,Os05g0226000
5	1083	8689448	8704009	3	Os05g0243100,Os05g0243200,Os05g0243300
5	698	9103140	9137621	3	Os05g0249800,Os05g0250000,Os05g0250200
5	906	9144599	9154993	2	Os05g0250600,Os05g0250700
5	5005	9217013	9229546	2	Os05g0251900,Os05g0252000
5	16	9517563	9588945	2	Os05g0256500,Os05g0257100
5	16	9647991	10246527	3	Os05g0258400,Os05g0261700,Os05g0263100
5	5009	10653770	10662940	2	Os05g0267732,Os05g0267766
5	91	14716606	14735830	2	Os05g0317700,Os05g0317900
5	91	14784692	14798481	2	Os05g0318600,Os05g0318700
5	28	15266307	15465048	14	Os05g0328333,Os05g0328466,Os05g0328632,Os05g0328800,Os05g0328901,Os05g0329001,Os05g0329100,Os05g0329300,Os05g0329350,Os05g0329400,Os05g0329700,Os05g0329200,Os05g0330150,Os05g0330600
5	28	15502435	15524995	3	Os05g0331366,Os05g0331532,Os05g0331800
5	449	15626472	15638517	2	Os05g0334000,Os05g0334400
5	1741	16046996	16059130	2	Os05g0342000,Os05g0342100
5	5039	17305652	17316697	2	Os05g0362300,Os05g0362500
5	251	17530348	17579155	4	Os05g0365600,Os05g0365700,Os05g0366000,Os05g0366200
5	251	17594979	17621339	2	Os05g0366600,Os05g0366800
5	581	17821376	17843173	2	Os05g0370700,Os05g0370900
5	273	19409584	19423234	2	Os05g0399100,Os05g0399200
5	191	19426767	19447487	3	Os05g0399300,Os05g0399400,Os05g0399700
5	273	19465133	19475222	2	Os05g0400100,Os05g0400200
5	1827	19631965	19640194	3	Os05g0402900,Os05g0403000,Os05g0403100
5	5046	19702828	19707432	2	Os05g0404600,Os05g0404700
5	4504	19742292	19758913	2	Os05g0405500,Os05g0405600
5	2441	20045545	20087018	2	Os05g0410601,Os05g0410750
5	1038	20086443	20101168	3	Os05g0410800,Os05g0410900,Os05g0411100
5	1629	20267977	20278478	2	Os05g0414400,Os05g0414501
5	397	20325340	20381121	3	Os05g0415800,Os05g0415900,Os05g0416400
5	418	21240878	21259780	4	Os05g0433400,Os05g0433500,Os05g0433600,Os05g0433800
5	418	21294890	21312499	4	Os05g0434600,Os05g0434800,Os05g0435100,Os05g0435300
5	2	21404691	21409032	2	Os05g0437050,Os05g0437100
5	2844	21561375	21571809	2	Os05g0440250,Os05g0440300
5	5022	21750821	21760742	2	Os05g0444300,Os05g0444500
5	988	21886293	21896812	2	Os05g0446550,Os05g0446600
5	818	22407153	22413263	2	Os05g0456200,Os05g0456300
5	132	22526526	22536087	2	Os05g0458500,Os05g0458600
5	1447	22706591	22713882	2	Os05g0462301,Os05g0462400
5	253	22736693	22744188	2	Os05g0462700,Os05g0462900
5	5062	22759059	22766078	2	Os05g0463400,Os05g0463500
5	2845	22826374	22828938	2	Os05g0464550,Os05g0465000
5	2827	22970168	22982154	3	Os05g0467900,Os05g0468100,Os05g0468200
5	357	23529423	23551282	3	Os05g0478400,Os05g0478700,Os05g0478800
5	2848	23801399	23822092	2	Os05g0484000,Os05g0484700
5	229	23958685	23979669	2	Os05g0487100,Os05g0487300
5	1096	24383180	24387337	2	Os05g0496400,Os05g0496500
5	2	24427953	24445186	2	Os05g0497200,Os05g0497300
5	1622	24594918	24613221	3	Os05g0499600,Os05g0499800,Os05g0500000
5	77	25022159	25038954	4	Os05g0506450,Os05g0506500,Os05g0506600,Os05g0506800
5	694	25564517	25570887	2	Os05g0515500,Os05g0515600
5	106	26125520	26133467	2	Os05g0524732,Os05g0524800
5	106	26143305	26157648	3	Os05g0525400,Os05g0525501,Os05g0525600
5	54	26192929	26237122	9	Os05g0526800,Os05g0526900,Os05g0527000,Os05g0527100,Os05g0527200,Os05g0527600,Os05g0527700,Os05g0527800,Os05g0527900
5	86	26366391	26369016	2	Os05g0531000,Os05g0531100
5	2278	26389270	26410394	2	Os05g0531800,Os05g0532300
5	163	26468197	26477242	3	Os05g0533301,Os05g0533400,Os05g0533450
5	167	26685979	26705017	2	Os05g0537200,Os05g0537300
5	2123	26776769	26793638	2	Os05g0539150,Os05g0539300
5	5086	26940318	26945786	2	Os05g0542800,Os05g0542900
5	381	27068628	27077365	2	Os05g0545300,Os05g0545400
5	2851	27261643	27286581	2	Os05g0549300,Os05g0549500
5	171	27330717	27346293	2	Os05g0550300,Os05g0550600
5	1299	27403242	27414193	2	Os05g0551350,Os05g0551500
5	5094	27584773	27598783	2	Os05g0554800,Os05g0555000
5	214	27733895	27749525	2	Os05g0557600,Os05g0557700
5	2382	28005260	28010606	2	Os05g0563050,Os05g0563100
5	555	28047385	28052859	2	Os05g0563550,Os05g0563600
5	2626	28258432	28269370	2	Os05g0567700,Os05g0567800
5	550	28473720	28481216	2	Os05g0571300,Os05g0571400
5	5101	28767438	28779841	2	Os05g0577800,Os05g0577900
5	279	28845110	28850435	2	Os05g0579600,Os05g0579700
5	742	28995973	29005828	3	Os05g0582500,Os05g0582600,Os05g0582800
5	1418	29022434	29032772	2	Os05g0583100,Os05g0583200
5	358	29329185	29333125	2	Os05g0588850,Os05g0588900
6	2205	38340	42548	2	Os06g0100550,Os06g0100700
6	593	543057	550375	2	Os06g0109200,Os06g0109300
6	100	725044	747628	2	Os06g0112800,Os06g0113150
6	308	1365218	1375401	2	Os06g0125400,Os06g0125500
6	1794	1780570	1785802	3	Os06g0133300,Os06g0133400,Os06g0133500
6	2864	1844991	1861053	3	Os06g0134400,Os06g0134466,Os06g0134500
6	2850	2106719	2116561	2	Os06g0140200,Os06g0140300
6	246	2123595	2139091	2	Os06g0140400,Os06g0140700
6	503	2170963	2181114	3	Os06g0141400,Os06g0141600,Os06g0141700
6	503	2199361	2213482	4	Os06g0142200,Os06g0142300,Os06g0142350,Os06g0142400
6	759	2380595	2396562	4	Os06g0145200,Os06g0145300,Os06g0145400,Os06g0145600
6	156	2453481	2458031	2	Os06g0147000,Os06g0147100
6	156	2462234	2473344	2	Os06g0147250,Os06g0147300
6	1090	2518212	2534590	4	Os06g0148300,Os06g0148500,Os06g0148600,Os06g0148700
6	5134	2699910	2709709	2	Os06g0152300,Os06g0152400
6	74	2926823	2942452	2	Os06g0157500,Os06g0157700
6	5135	2973685	2984308	2	Os06g0158300,Os06g0158400
6	278	4008139	4013536	2	Os06g0181100,Os06g0181200
6	5150	4329666	4334810	2	Os06g0186000,Os06g0186100
6	883	4472352	4492233	3	Os06g0188600,Os06g0188700,Os06g0188800
6	883	4587987	4597945	2	Os06g0190700,Os06g0190800
6	2521	4616608	4625199	2	Os06g0191300,Os06g0191500
6	99	4631049	4635469	2	Os06g0191700,Os06g0191800
6	1201	4933950	4953580	3	Os06g0196900,Os06g0197550,Os06g0197575
6	2872	5002456	5008055	2	Os06g0198500,Os06g0198600
6	1832	5102389	5144534	4	Os06g0201000,Os06g0201200,Os06g0201500,Os06g0202100
6	314	5208882	5217872	2	Os06g0203200,Os06g0203400
6	250	5499342	5502369	2	Os06g0207966,Os06g0208100
6	402	5712154	5734054	4	Os06g0212100,Os06g0212300,Os06g0212400,Os06g0212500
6	5164	5835610	5838622	2	Os06g0214800,Os06g0214850
6	5165	5862286	5876409	2	Os06g0215300,Os06g0215400
6	235	5894911	5906018	2	Os06g0215900,Os06g0216000
6	235	5913057	5919685	2	Os06g0216200,Os06g0216300
6	410	6177896	6181296	2	Os06g0219900,Os06g0220000
6	410	6191490	6200510	2	Os06g0220200,Os06g0220300
6	1262	6452927	6465270	3	Os06g0224400,Os06g0224500,Os06g0224650
6	2121	6995343	7008330	3	Os06g0234300,Os06g0234400,Os06g0234600
6	474	7019819	7045626	5	Os06g0234800,Os06g0234900,Os06g0235000,Os06g0235100,Os06g0235200
6	992	7181620	7188076	2	Os06g0238000,Os06g0238200
6	142	7341809	7371782	2	Os06g0241400,Os06g0242000
6	142	7406037	7423046	2	Os06g0242700,Os06g0242900
6	1195	7722728	7763803	2	Os06g0248600,Os06g0249350
6	879	7983973	8014834	3	Os06g0254300,Os06g0254600,Os06g0254700
6	592	8913931	8939018	3	Os06g0267900,Os06g0268050,Os06g0268500
6	247	9196450	9206507	3	Os06g0272700,Os06g0272800,Os06g0272850
6	46	9289326	9323826	2	Os06g0274300,Os06g0274500
6	281	9870664	9922589	2	Os06g0282000,Os06g0282400
6	696	10375846	10390465	2	Os06g0286500,Os06g0286700
6	696	10408235	10441907	3	Os06g0287000,Os06g0287200,Os06g0287500
6	2877	10711028	10729506	2	Os06g0291800,Os06g0292100
6	189	10871810	10889581	2	Os06g0295000,Os06g0295300
6	493	11103008	11134650	4	Os06g0298700,Os06g0299100,Os06g0299200,Os06g0299300
6	1263	12082449	12145414	3	Os06g0314600,Os06g0315000,Os06g0315300
6	1834	12212221	12253365	2	Os06g0316300,Os06g0316800
6	1834	12273448	12281401	2	Os06g0317100,Os06g0317200
6	5181	12287597	12298980	2	Os06g0317400,Os06g0317600
6	2803	12572595	12606640	2	Os06g0322400,Os06g0323100
6	1669	12655602	12659105	2	Os06g0324150,Os06g0324300
6	71	13386533	13390271	2	Os06g0335975,Os06g0335900
6	2074	13886690	13889644	2	Os06g0346100,Os06g0346201
6	5193	16649553	16683024	2	Os06g0486800,Os06g0486900
6	373	17044755	17056375	2	Os06g0492800,Os06g0492900
6	165	17246971	17269670	2	Os06g0495100,Os06g0495500
6	322	17847225	17848113	2	Os06g0503850,Os06g0503800
6	2372	18079011	18086698	2	Os06g0507300,Os06g0507400
6	925	18524688	18727299	5	Os06g0513050,Os06g0513781,Os06g0513862,Os06g0513943,Os06g0514100
6	13	19199629	19272675	5	Os06g0521400,Os06g0521500,Os06g0521900,Os06g0522100,Os06g0522300
6	174	19503056	19511234	2	Os06g0526400,Os06g0526466
6	305	19527051	19541910	2	Os06g0526700,Os06g0526800
6	174	19583323	19606116	2	Os06g0527800,Os06g0528300
6	768	19950545	19973562	2	Os06g0533700,Os06g0534200
6	1	19999929	20021315	4	Os06g0534500,Os06g0534800,Os06g0534900,Os06g0534950
6	1	20051303	20089203	3	Os06g0535400,Os06g0535900,Os06g0536100
6	1	20131512	20144666	3	Os06g0537300,Os06g0537500,Os06g0537600
6	1611	20270644	20282939	2	Os06g0539801,Os06g0539975
6	1	20280677	20287273	2	Os06g0540050,Os06g0540200
6	5206	20418676	20424059	2	Os06g0542600,Os06g0542701
6	780	20581980	20593494	2	Os06g0545200,Os06g0545400
6	13	20676206	20706934	3	Os06g0546500,Os06g0547100,Os06g0547400
6	926	20784583	20809842	2	Os06g0549337,Os06g0549525
6	236	20808194	20814107	2	Os06g0549600,Os06g0549633
6	477	21343410	21350292	2	Os06g0558700,Os06g0558766
6	199	21697800	21733637	3	Os06g0564400,Os06g0564500,Os06g0564700
6	927	22048648	22082485	2	Os06g0569900,Os06g0570100
6	927	22090108	22095900	2	Os06g0570566,Os06g0570600
6	5208	22281790	22295245	2	Os06g0574332,Os06g0574400
6	502	22821117	22826416	2	Os06g0583900,Os06g0584000
6	90	22863057	22955144	2	Os06g0585950,Os06g0585982
6	2871	23196356	23206070	2	Os06g0590700,Os06g0590800
6	5210	23227138	23233439	2	Os06g0591200,Os06g0591400
6	732	23310215	23335030	2	Os06g0593200,Os06g0593800
6	435	23908918	23932370	3	Os06g0604200,Os06g0604300,Os06g0604400
6	396	25073667	25090086	2	Os06g0623300,Os06g0623600
6	17	26022267	26038156	2	Os06g0639800,Os06g0640100
6	17	26097154	26105547	2	Os06g0641600,Os06g0641800
6	1555	26105242	26124135	2	Os06g0641866,Os06g0641932
6	486	26650225	26659231	2	Os06g0651000,Os06g0651100
6	5219	26698962	26709559	2	Os06g0652300,Os06g0652400
6	129	27303683	27317604	3	Os06g0662225,Os06g0662300,Os06g0662500
6	129	27323992	27334013	4	Os06g0662600,Os06g0662700,Os06g0662850,Os06g0662900
6	10	27456955	27463014	2	Os06g0664800,Os06g0664900
6	5221	27782932	27798501	2	Os06g0670400,Os06g0670500
6	1297	28045479	28058005	2	Os06g0675700,Os06g0675900
6	929	28707334	28721585	2	Os06g0688200,Os06g0688300
6	1580	28867535	28901943	4	Os06g0692100,Os06g0692300,Os06g0692500,Os06g0692600
6	5015	28954620	28960418	2	Os06g0693500,Os06g0693600
6	2096	29180264	29186298	2	Os06g0697500,Os06g0697600
6	2067	29534805	29541203	2	Os06g0701600,Os06g0701700
6	104	29577788	29581194	2	Os06g0701900,Os06g0702000
6	301	29897280	29945620	5	Os06g0707350,Os06g0707400,Os06g0707700,Os06g0707733,Os06g0707800
6	159	29971111	29976322	2	Os06g0708400,Os06g0708500
6	191	30887215	30892050	2	Os06g0726100,Os06g0726200
6	631	30957478	30981070	3	Os06g0727600,Os06g0727700,Os06g0727800
6	100	31033456	31048514	2	Os06g0728800,Os06g0728902
7	1162	451796	460218	2	Os07g0108400,Os07g0108500
7	582	673173	687222	3	Os07g0111900,Os07g0112000,Os07g0112100
7	163	919575	941126	4	Os07g0116800,Os07g0116900,Os07g0117000,Os07g0117200
7	163	948072	962357	4	Os07g0117350,Os07g0117400,Os07g0117600,Os07g0117800
7	109	972942	976749	2	Os07g0118200,Os07g0118250
7	787	1006844	1014985	2	Os07g0118800,Os07g0118900
7	109	1067127	1077346	2	Os07g0119800,Os07g0120000
7	109	1089664	1095776	2	Os07g0120500,Os07g0120650
7	533	1105853	1116298	3	Os07g0120900,Os07g0121000,Os07g0121100
7	533	1156619	1162675	2	Os07g0122200,Os07g0122300
7	34	1319034	1445064	12	Os07g0124900,Os07g0125000,Os07g0125201,Os07g0125500,Os07g0125600,Os07g0126100,Os07g0126301,Os07g0126401,Os07g0126500,Os07g0127500,Os07g0127600,Os07g0127700
7	34	1512025	1524512	2	Os07g0129200,Os07g0129300
7	19	1575296	1585631	2	Os07g0129800,Os07g0129900
7	19	1590912	1605316	3	Os07g0130100,Os07g0130200,Os07g0130400
7	19	1640079	1668002	2	Os07g0131375,Os07g0131500
7	691	2176824	2184996	4	Os07g0142200,Os07g0142300,Os07g0142500,Os07g0142600
7	5253	2193809	2201392	2	Os07g0142900,Os07g0143000
7	2904	2369190	2390872	2	Os07g0146300,Os07g0146700
7	2905	2454338	2458136	2	Os07g0147500,Os07g0147550
7	5255	2721785	2730142	2	Os07g0151800,Os07g0151900
7	432	3342219	3361559	4	Os07g0162500,Os07g0162600,Os07g0162700,Os07g0162900
7	909	3947968	3951180	2	Os07g0174900,Os07g0175000
7	689	4087454	4092086	2	Os07g0177200,Os07g0177300
7	751	4143416	4146853	2	Os07g0178700,Os07g0178800
7	2840	4219935	4230082	2	Os07g0180100,Os07g0180300
7	808	4401187	4434430	5	Os07g0183050,Os07g0183100,Os07g0183200,Os07g0183350,Os07g0183700
7	1247	4773059	4776611	2	Os07g0189700,Os07g0189800
7	57	5003872	5011125	2	Os07g0192700,Os07g0192800
7	885	5463119	5498989	4	Os07g0201300,Os07g0201500,Os07g0201800,Os07g0202000
7	28	5736877	5742488	2	Os07g0206400,Os07g0206500
7	1266	6244163	6276753	4	Os07g0213800,Os07g0214100,Os07g0214300,Os07g0214600
7	5271	6416024	6433104	2	Os07g0216600,Os07g0216700
7	326	6574371	6602659	2	Os07g0218766,Os07g0218832
7	28	6609124	6620931	4	Os07g0219250,Os07g0219300,Os07g0219400,Os07g0220000
7	158	6809283	6825665	2	Os07g0223100,Os07g0223400
7	465	7184023	7209537	3	Os07g0228900,Os07g0229100,Os07g0229200
7	2908	7708310	7711063	2	Os07g0238500,Os07g0238600
7	1079	7900573	7909408	3	Os07g0241500,Os07g0241600,Os07g0241700
7	2050	8009180	8025746	2	Os07g0243800,Os07g0244100
7	463	8321651	8335722	3	Os07g0249700,Os07g0249800,Os07g0249900
7	2909	8358588	8407084	3	Os07g0250501,Os07g0250900,Os07g0251200
7	12	8906263	8912002	2	Os07g0257600,Os07g0257800
7	261	9738390	9821346	2	Os07g0268800,Os07g0269400
7	904	10223522	10232644	2	Os07g0274400,Os07g0274700
7	1844	10288817	10299495	2	Os07g0275801,Os07g0275901
7	146	10724596	10738019	2	Os07g0281700,Os07g0281800
7	146	10748746	10767128	3	Os07g0282300,Os07g0282401,Os07g0282500
7	19	10805327	10813161	2	Os07g0283050,Os07g0283125
7	599	10954093	10980878	3	Os07g0285200,Os07g0285450,Os07g0285700
7	2912	11241360	11252469	2	Os07g0290200,Os07g0290500
7	5291	13201188	13224558	2	Os07g0416900,Os07g0417200
7	5292	13354235	13367503	2	Os07g0418600,Os07g0418700
7	99	13382831	13383987	2	Os07g0419000,Os07g0419100
7	930	14106592	14201825	4	Os07g0429600,Os07g0429700,Os07g0430501,Os07g0431160
7	930	14292161	14304162	2	Os07g0432201,Os07g0432333
7	985	14491561	14502650	2	Os07g0434125,Os07g0434300
7	278	14723111	14731487	2	Os07g0438500,Os07g0438550
7	179	15358960	15370242	2	Os07g0448100,Os07g0448200
7	2668	15982511	15993925	2	Os07g0458500,Os07g0458700
7	700	18113479	18126388	2	Os07g0489200,Os07g0489300
7	700	18157770	18205154	2	Os07g0489950,Os07g0490100
7	479	19037921	19047805	3	Os07g0503300,Os07g0503500,Os07g0503600
7	5306	19067905	19084688	2	Os07g0504200,Os07g0504500
7	479	19454526	19464260	2	Os07g0510400,Os07g0510500
7	832	19827289	19846071	2	Os07g0515700,Os07g0515900
7	5307	19850984	19858195	2	Os07g0516000,Os07g0516050
7	211	19975985	19987668	2	Os07g0517900,Os07g0518100
7	211	20013103	20054019	3	Os07g0518500,Os07g0519100,Os07g0519300
7	211	20063428	20081243	4	Os07g0519600,Os07g0519725,Os07g0519800,Os07g0520100
7	931	20256757	20269470	2	Os07g0523100,Os07g0523150
7	739	20365632	20395761	2	Os07g0524900,Os07g0525100
7	739	20562555	20588166	2	Os07g0527000,Os07g0527300
7	1846	20625092	20654046	3	Os07g0527900,Os07g0528200,Os07g0528400
7	5309	20884733	20901471	2	Os07g0532866,Os07g0532932
7	635	20999329	21043392	4	Os07g0535100,Os07g0535200,Os07g0535600,Os07g0535700
7	3	21045118	21073720	2	Os07g0535800,Os07g0536300
7	3	21131097	21140628	2	Os07g0537400,Os07g0537500
7	3	21168993	21178518	2	Os07g0538400,Os07g0538700
7	53	21238284	21247034	2	Os07g0539300,Os07g0539400
7	3	21333060	21346908	2	Os07g0540500,Os07g0540600
7	3	21353729	21388269	5	Os07g0540800,Os07g0541000,Os07g0541200,Os07g0541400,Os07g0541500
7	3	21395341	21411687	2	Os07g0541700,Os07g0541800
7	3	21434654	21444823	2	Os07g0542400,Os07g0542600
7	443	21470797	21506607	2	Os07g0543100,Os07g0543300
7	85	21589820	21593557	2	Os07g0545300,Os07g0545400
7	5313	21729270	21751105	2	Os07g0547700,Os07g0548100
7	383	21952472	21991716	3	Os07g0552400,Os07g0552800,Os07g0553000
7	5316	22125276	22130398	2	Os07g0555300,Os07g0555400
7	2923	22231027	22246490	3	Os07g0557100,Os07g0557200,Os07g0557400
7	5317	22304492	22313563	2	Os07g0558200,Os07g0558300
7	263	22339803	22343942	2	Os07g0558900,Os07g0559100
7	917	22654667	22659266	2	Os07g0565000,Os07g0565100
7	1091	22939113	22991120	3	Os07g0570100,Os07g0570300,Os07g0570500
7	19	23278788	23284948	2	Os07g0575600,Os07g0575700
7	2925	23440709	23480747	3	Os07g0579100,Os07g0580200,Os07g0580300
7	5324	23491677	23497504	2	Os07g0580700,Os07g0580733
7	3264	23814222	23824129	2	Os07g0586100,Os07g0586200
7	3057	23973340	23981251	2	Os07g0588600,Os07g0588700
7	486	24515344	24527995	2	Os07g0601000,Os07g0601100
7	486	24559575	24578091	3	Os07g0601900,Os07g0602000,Os07g0602050
7	525	24751787	24758207	2	Os07g0604300,Os07g0604400
7	904	24765682	24769065	2	Os07g0604600,Os07g0604700
7	578	24805571	24810354	2	Os07g0605350,Os07g0605400
7	4177	25039237	25048382	2	Os07g0608800,Os07g0608900
7	1229	25156916	25188788	3	Os07g0611200,Os07g0611400,Os07g0611500
7	5332	25446542	25470146	2	Os07g0617100,Os07g0617500
7	2302	25907654	25915298	2	Os07g0625500,Os07g0625600
7	3	26052222	26062993	2	Os07g0628700,Os07g0628900
7	99	26367250	26384642	3	Os07g0635200,Os07g0635300,Os07g0635500
7	5343	26548836	26552939	2	Os07g0638300,Os07g0638400
7	58	26615493	26618069	2	Os07g0639400,Os07g0639500
7	663	26780049	26792040	3	Os07g0643000,Os07g0643100,Os07g0643400
7	5345	26852741	26881843	2	Os07g0644700,Os07g0644900
7	538	27117447	27137858	2	Os07g0648900,Os07g0649100
7	1848	27172211	27183933	2	Os07g0650100,Os07g0650200
7	538	27421098	27423642	2	Os07g0653000,Os07g0653050
7	704	27512362	27533378	2	Os07g0654900,Os07g0655201
7	2895	27628327	27633075	2	Os07g0656600,Os07g0656700
7	39	27991215	27997226	2	Os07g0663500,Os07g0663600
7	39	28004961	28021694	3	Os07g0663800,Os07g0663900,Os07g0664000
7	39	28043196	28074868	7	Os07g0664150,Os07g0664200,Os07g0664400,Os07g0664500,Os07g0664600,Os07g0664900,Os07g0665000
7	1495	28078653	28109515	2	Os07g0665300,Os07g0665700
7	774	28339687	28345391	2	Os07g0670200,Os07g0670300
7	13	28660188	28680010	4	Os07g0676900,Os07g0677100,Os07g0677200,Os07g0677300
7	13	28684142	28692640	3	Os07g0677400,Os07g0677500,Os07g0677600
7	14	28710749	28729527	2	Os07g0678300,Os07g0678600
7	541	28993024	29009943	3	Os07g0683600,Os07g0683900,Os07g0684000
7	2933	29271588	29297790	3	Os07g0688800,Os07g0689150,Os07g0689300
8	239	293917	304040	3	Os08g0105600,Os08g0105700,Os08g0105800
8	180	375391	383986	2	Os08g0107700,Os08g0107800
8	854	594453	634197	3	Os08g0111300,Os08g0111500,Os08g0111800
8	1668	956604	964531	2	Os08g0117200,Os08g0117300
8	104	1039566	1046017	2	Os08g0118500,Os08g0118800
8	5363	1148943	1156250	2	Os08g0120900,Os08g0121275
8	5365	1254648	1280804	2	Os08g0122900,Os08g0123101
8	47	1301947	1313271	2	Os08g0123900,Os08g0124000
8	5370	1403611	1450498	2	Os08g0125006,Os08g0125059
8	642	1510719	1517559	2	Os08g0126000,Os08g0126100
8	140	1645265	1649032	2	Os08g0129300,Os08g0129400
8	677	1793422	1801269	2	Os08g0132000,Os08g0132100
8	681	2063215	2067718	2	Os08g0136700,Os08g0136800
8	173	2129613	2148847	5	Os08g0137800,Os08g0137900,Os08g0138100,Os08g0138200,Os08g0138400
8	5375	2256007	2270472	2	Os08g0140300,Os08g0140500
8	1529	2280575	2293615	3	Os08g0140600,Os08g0140700,Os08g0141000
8	5376	2344052	2366050	2	Os08g0142500,Os08g0142900
8	1258	2984748	2998457	3	Os08g0151900,Os08g0152000,Os08g0152100
8	2936	3113598	3117296	2	Os08g0154200,Os08g0154225
8	1405	3408278	3417216	3	Os08g0158200,Os08g0158300,Os08g0158400
8	1018	3961276	3988789	3	Os08g0167800,Os08g0168000,Os08g0168400
8	571	4105460	4115417	2	Os08g0170100,Os08g0170200
8	571	4128336	4149998	3	Os08g0170500,Os08g0170700,Os08g0170800
8	26	4175878	4178512	2	Os08g0171100,Os08g0171216
8	2797	4391050	4417245	2	Os08g0175300,Os08g0175600
8	30	5186875	5265340	11	Os08g0188900,Os08g0189100,Os08g0189200,Os08g0189300,Os08g0189400,Os08g0189500,Os08g0189600,Os08g0189700,Os08g0189850,Os08g0189900,Os08g0190100
8	505	5441457	5453811	3	Os08g0193200,Os08g0193300,Os08g0193500
8	505	5479726	5519259	2	Os08g0194000,Os08g0194350
8	1236	5572031	5587025	3	Os08g0195800,Os08g0195900,Os08g0196200
8	369	5613578	5621553	2	Os08g0197050,Os08g0197100
8	371	5628896	5643201	3	Os08g0197300,Os08g0197400,Os08g0197500
8	371	5652681	5659464	2	Os08g0197800,Os08g0197900
8	1612	5663578	5676449	2	Os08g0198000,Os08g0198100
8	371	5720470	5729681	2	Os08g0199000,Os08g0199100
8	16	5878083	5894289	2	Os08g0201500,Os08g0201700
8	16	5988432	6005500	2	Os08g0203201,Os08g0203300
8	16	6015745	6048561	3	Os08g0203400,Os08g0203600,Os08g0203700
8	2938	7165471	7205848	2	Os08g0218700,Os08g0219100
8	140	7693777	7699299	2	Os08g0226000,Os08g0226100
8	140	7740247	7778955	5	Os08g0226800,Os08g0227100,Os08g0227200,Os08g0227400,Os08g0227500
8	2791	7919850	7944303	2	Os08g0230100,Os08g0230200
8	273	8394276	8420579	3	Os08g0238200,Os08g0238500,Os08g0238600
8	210	8464913	8475589	2	Os08g0239900,Os08g0240000
8	71	8488370	8495316	2	Os08g0240500,Os08g0240566
8	944	9001801	9020228	2	Os08g0247600,Os08g0247700
8	1704	9921522	9960475	2	Os08g0262500,Os08g0263000
8	2941	10287058	10295050	3	Os08g0269500,Os08g0269600,Os08g0269700
8	12	11158562	11246472	6	Os08g0283000,Os08g0283300,Os08g0283600,Os08g0283900,Os08g0284200,Os08g0284500
8	5409	11321679	11375591	2	Os08g0286500,Os08g0287200
8	1035	12272625	12285894	2	Os08g0299600,Os08g0299700
8	10	15695538	15716161	2	Os08g0346400,Os08g0346500
8	1853	16043704	16065718	2	Os08g0351700,Os08g0352100
8	2820	16307677	16333676	3	Os08g0356500,Os08g0356700,Os08g0356800
8	551	16513780	16520083	2	Os08g0359100,Os08g0359200
8	1854	17228974	17351892	3	Os08g0369800,Os08g0371200,Os08g0371608
8	65	17558610	17560192	2	Os08g0374600,Os08g0374701
8	127	17617874	17625942	2	Os08g0375500,Os08g0375700
8	258	17663617	17666521	2	Os08g0376500,Os08g0376550
8	2944	18371708	18407618	2	Os08g0388900,Os08g0389300
8	348	18568971	18583904	2	Os08g0392100,Os08g0392300
8	839	18960126	19007607	3	Os08g0398000,Os08g0398300,Os08g0398350
8	1097	19071029	19089497	2	Os08g0400000,Os08g0400200
8	1544	19304751	19310989	2	Os08g0404200,Os08g0404300
8	1802	19314778	19318218	2	Os08g0404350,Os08g0404400
8	5438	19436058	19442644	2	Os08g0406500,Os08g0406600
8	5439	19745573	19748835	2	Os08g0412700,Os08g0412800
8	1270	19762998	19790341	5	Os08g0413100,Os08g0413200,Os08g0413500,Os08g0413850,Os08g0414000
8	5441	19950692	19956227	2	Os08g0417000,Os08g0417100
8	928	20283075	20352478	3	Os08g0423500,Os08g0423600,Os08g0424100
8	1227	20997277	20997816	2	Os08g0433000,Os08g0433050
8	102	21280711	21309069	2	Os08g0438100,Os08g0438400
8	2949	21765470	21770635	2	Os08g0446301,Os08g0446400
8	1265	22041477	22093734	3	Os08g0451400,Os08g0451500,Os08g0451700
8	2748	22553089	22559044	2	Os08g0459700,Os08g0460000
8	375	22624404	22637990	3	Os08g0460700,Os08g0460800,Os08g0460900
8	375	22647129	22659552	2	Os08g0461100,Os08g0461300
8	1438	22670567	22679145	2	Os08g0461700,Os08g0461800
8	928	23117162	23151464	2	Os08g0470200,Os08g0470700
8	923	23403049	23412899	3	Os08g0474866,Os08g0475000,Os08g0475100
8	258	23491893	23548630	3	Os08g0476900,Os08g0477100,Os08g0477500
8	2955	24005383	24020655	2	Os08g0485600,Os08g0485700
8	3460	24158664	24169178	2	Os08g0488800,Os08g0489100
8	108	24258186	24262081	2	Os08g0490800,Os08g0490900
8	5468	24407723	24456560	2	Os08g0494400,Os08g0495300
8	1260	24586613	24606587	3	Os08g0498100,Os08g0498400,Os08g0498600
8	24	24774507	24785986	2	Os08g0501600,Os08g0501700
8	119	25104735	25111322	2	Os08g0507000,Os08g0507100
8	119	25132615	25156850	2	Os08g0507702,Os08g0508000
8	399	25216460	25246140	2	Os08g0508800,Os08g0509100
8	5329	25534766	25567818	2	Os08g0514600,Os08g0515000
8	144	25599752	25616030	3	Os08g0516200,Os08g0516500,Os08g0516550
8	72	25758874	25763823	2	Os08g0518800,Os08g0518900
8	110	25870837	25877678	2	Os08g0520500,Os08g0520550
8	144	25984217	26021349	5	Os08g0522700,Os08g0523000,Os08g0523100,Os08g0523200,Os08g0523400
8	144	26031733	26045316	2	Os08g0523700,Os08g0523850
8	1272	26072254	26087515	2	Os08g0524200,Os08g0524400
8	2759	26245378	26268141	3	Os08g0527300,Os08g0527400,Os08g0527600
8	874	26275315	26297999	4	Os08g0527800,Os08g0527900,Os08g0528000,Os08g0528100
8	260	26398359	26401482	2	Os08g0530066,Os08g0530100
8	18	26507926	26529016	2	Os08g0531700,Os08g0531900
8	44	27643356	27645921	2	Os08g0551300,Os08g0551366
8	44	27646938	27656790	4	Os08g0551500,Os08g0551900,Os08g0552000,Os08g0552100
8	44	27656997	27670789	4	Os08g0552300,Os08g0552333,Os08g0552400,Os08g0553000
8	44	27673598	27682169	4	Os08g0552800,Os08g0552900,Os08g0553050,Os08g0553100
8	44	27684127	27687265	2	Os08g0553300,Os08g0553400
8	44	27690054	27696402	3	Os08g0553500,Os08g0553700,Os08g0553750
8	1858	27714041	27731269	2	Os08g0554100,Os08g0554300
8	520	27761936	27797275	4	Os08g0554900,Os08g0555000,Os08g0555200,Os08g0555300
8	1632	27966196	27970710	2	Os08g0558900,Os08g0559000
9	1626	1814051	1859251	3	Os09g0123500,Os09g0124100,Os09g0124232
9	5524	3660489	3675486	2	Os09g0248200,Os09g0248300
9	245	4105156	4136547	2	Os09g0254050,Os09g0254600
9	245	4275739	4276419	2	Os09g0256600,Os09g0256650
9	2922	4467902	4476159	2	Os09g0260200,Os09g0260300
9	117	4762038	4778505	2	Os09g0264051,Os09g0264400
9	19	5120497	5127339	2	Os09g0268000,Os09g0268100
9	254	6061844	6066866	2	Os09g0282100,Os09g0282300
9	2950	6195158	6200877	2	Os09g0283600,Os09g0283801
9	2	6388158	6406039	2	Os09g0286600,Os09g0287000
9	10	7316075	7333289	2	Os09g0299000,Os09g0299200
9	5529	7753372	7800107	2	Os09g0304500,Os09g0305300
9	82	7888136	7894014	3	Os09g0306500,Os09g0306566,Os09g0306632
9	1763	8647061	8652037	2	Os09g0315050,Os09g0315100
9	5530	8879454	8973855	2	Os09g0317700,Os09g0318600
9	5532	9486037	9492544	2	Os09g0323700,Os09g0323900
9	366	9498904	9507077	3	Os09g0324200,Os09g0324300,Os09g0324400
9	1033	9514333	9516782	2	Os09g0325000,Os09g0325140
9	1800	9790649	9832295	2	Os09g0329200,Os09g0330000
9	29	9970574	10085739	4	Os09g0332700,Os09g0333000,Os09g0333500,Os09g0333600
9	62	10936863	10965501	2	Os09g0348400,Os09g0348600
9	62	10992178	11181038	8	Os09g0349100,Os09g0349600,Os09g0349650,Os09g0349700,Os09g0349800,Os09g0350900,Os09g0351700,Os09g0351800
9	1233	11288774	11350044	4	Os09g0353400,Os09g0353700,Os09g0354100,Os09g0354300
9	62	11391986	11435151	2	Os09g0355400,Os09g0356000
9	62	11576100	11588842	2	Os09g0358000,Os09g0358100
9	1602	11843850	11866452	2	Os09g0362500,Os09g0362800
9	5534	12146324	12174941	2	Os09g0368250,Os09g0368400
9	415	12345752	12371236	5	Os09g0371000,Os09g0371100,Os09g0371200,Os09g0371300,Os09g0371400
9	2967	12932341	12937393	2	Os09g0381800,Os09g0381850
9	1081	13622417	13623412	2	Os09g0393501,Os09g0393801
9	177	13982981	13988779	2	Os09g0399800,Os09g0400000
9	5539	13987066	13996457	2	Os09g0400100,Os09g0400200
9	73	14256524	14344926	19	Os09g0404300,Os09g0404400,Os09g0404500,Os09g0404600,Os09g0404700,Os09g0404800,Os09g0405001,Os09g0405200,Os09g0405300,Os09g0405400,Os09g0405500,Os09g0405600,Os09g0405900,Os09g0406000,Os09g0406100,Os09g0406200,Os09g0406300,Os09g0406400,Os09g0406500
9	102	14793742	14813725	2	Os09g0414500,Os09g0414600
9	6	14976326	14994845	2	Os09g0417600,Os09g0417800
9	1855	15090674	15128929	4	Os09g0419500,Os09g0419600,Os09g0420000,Os09g0420100
9	2968	15235478	15242482	2	Os09g0421600,Os09g0421700
9	1863	15451286	15468833	3	Os09g0426100,Os09g0426200,Os09g0426500
9	934	15610715	15625678	2	Os09g0429400,Os09g0429500
9	15	15633641	15699260	2	Os09g0429766,Os09g0430600
9	15	15810286	15830158	2	Os09g0431750,Os09g0431900
9	882	15891790	15911196	3	Os09g0432900,Os09g0433000,Os09g0433300
9	117	16387840	16396467	3	Os09g0441400,Os09g0441600,Os09g0441625
9	2951	16564529	16574893	2	Os09g0444800,Os09g0444900
9	1737	16886440	16926731	2	Os09g0451133,Os09g0451266
9	512	17145776	17172815	2	Os09g0455500,Os09g0455900
9	3063	17332814	17339171	2	Os09g0458800,Os09g0458900
9	512	17417341	17425622	3	Os09g0460400,Os09g0460500,Os09g0460700
9	5543	17506089	17515718	2	Os09g0462875,Os09g0463100
9	1459	17748588	17762575	2	Os09g0467300,Os09g0467400
9	59	17949936	17962785	2	Os09g0471200,Os09g0471400
9	1394	17968402	18008036	4	Os09g0471500,Os09g0471550,Os09g0471600,Os09g0471800
9	929	18058240	18068411	2	Os09g0472700,Os09g0472900
9	1679	18301105	18322383	3	Os09g0478000,Os09g0478100,Os09g0478300
9	1840	18360678	18368193	2	Os09g0479000,Os09g0479100
9	5544	18381040	18391684	2	Os09g0479300,Os09g0479400
9	2940	18391869	18404264	2	Os09g0479500,Os09g0479600
9	2237	18642413	18659177	2	Os09g0482860,Os09g0482900
9	254	18735050	18739395	2	Os09g0485500,Os09g0485600
9	35	18889955	18907442	2	Os09g0490400,Os09g0491100
9	396	18994543	19004492	2	Os09g0491788,Os09g0491822
9	396	19020438	19031331	2	Os09g0491852,Os09g0491868
9	648	19088601	19094165	2	Os09g0492900,Os09g0493000
9	1268	19173795	19176365	2	Os09g0494800,Os09g0495000
9	1268	19180057	19185436	2	Os09g0495200,Os09g0495300
9	534	19465674	19471622	2	Os09g0503000,Os09g0503100
9	680	19577312	19586210	2	Os09g0505900,Os09g0506000
9	387	19596349	19619199	2	Os09g0506450,Os09g0506700
9	5548	19868099	19875632	2	Os09g0511200,Os09g0511300
9	2970	20157733	20167803	2	Os09g0517100,Os09g0517200
9	484	20214433	20223992	2	Os09g0518000,Os09g0518200
9	1912	20395262	20400198	2	Os09g0522000,Os09g0522100
9	1259	20613388	20633528	2	Os09g0527100,Os09g0527500
9	697	21450712	21465476	2	Os09g0543900,Os09g0544000
9	268	21586113	21591060	2	Os09g0546100,Os09g0546200
9	268	21599713	21607126	4	Os09g0546700,Os09g0546900,Os09g0547000,Os09g0547033
9	314	21696880	21726166	2	Os09g0548700,Os09g0549300
9	3	21807839	21820409	2	Os09g0551201,Os09g0551251
9	3	21841355	21850168	2	Os09g0551400,Os09g0551500
9	5554	21891811	21896982	2	Os09g0552500,Os09g0552600
9	5	21902714	21908009	2	Os09g0552800,Os09g0552900
9	5555	21963654	22010349	2	Os09g0554300,Os09g0555100
9	5558	22278292	22284167	2	Os09g0560700,Os09g0560800
9	154	22292353	22318752	4	Os09g0561000,Os09g0561450,Os09g0561500,Os09g0561600
9	908	22420898	22457503	5	Os09g0564000,Os09g0564200,Os09g0564400,Os09g0564600,Os09g0564700
9	2972	22695120	22700959	3	Os09g0568500,Os09g0568600,Os09g0568700
9	2	22821581	22847950	2	Os09g0571700,Os09g0572000
10	421	432006	433522	2	Os10g0105800,Os10g0105850
10	1796	583024	592675	2	Os10g0108700,Os10g0108800
10	13	655625	678858	2	Os10g0109300,Os10g0109600
10	219	689474	746152	2	Os10g0109900,Os10g0110250
10	720	762143	774213	2	Os10g0110600,Os10g0110800
10	2734	866451	870263	2	Os10g0113050,Os10g0113201
10	209	869538	926465	5	Os10g0113100,Os10g0113375,Os10g0113723,Os10g0113900,Os10g0114300
10	1221	939084	1002907	3	Os10g0114500,Os10g0115200,Os10g0115500
10	1796	1431142	1445310	2	Os10g0122300,Os10g0122500
10	195	1681092	1713322	5	Os10g0126500,Os10g0126600,Os10g0126700,Os10g0126800,Os10g0127000
10	195	1743579	1757886	2	Os10g0127900,Os10g0128200
10	155	1778491	1783977	2	Os10g0128700,Os10g0128900
10	1067	1829368	1834740	2	Os10g0130066,Os10g0130132
10	1576	1838774	1842853	2	Os10g0130200,Os10g0130300
10	2973	2099188	2109186	2	Os10g0133600,Os10g0133800
10	2975	2157966	2170542	3	Os10g0134800,Os10g0134900,Os10g0135100
10	2379	2185292	2198967	3	Os10g0135300,Os10g0135400,Os10g0135500
10	1155	2239218	2245973	2	Os10g0136150,Os10g0136200
10	762	2517965	2524453	2	Os10g0141200,Os10g0141300
10	462	2731736	2748402	3	Os10g0145000,Os10g0145100,Os10g0145200
10	105	2942140	2967640	4	Os10g0149000,Os10g0149100,Os10g0149200,Os10g0149400
10	105	2981620	2992012	2	Os10g0149800,Os10g0150000
10	105	2999345	3032661	5	Os10g0150300,Os10g0150400,Os10g0150600,Os10g0150700,Os10g0150800
10	159	3438474	3446808	2	Os10g0154700,Os10g0154900
10	5540	3501258	3518646	2	Os10g0155700,Os10g0155800
10	513	3525791	3538890	2	Os10g0155900,Os10g0156200
10	96	4599943	4636133	3	Os10g0166600,Os10g0167200,Os10g0167250
10	921	4681868	4701692	2	Os10g0168000,Os10g0168200
10	52	4700928	4726168	2	Os10g0168300,Os10g0168500
10	96	4914321	4931155	2	Os10g0171300,Os10g0171500
10	3178	5866542	5908148	2	Os10g0185400,Os10g0186200
10	5568	6484463	6510300	2	Os10g0193100,Os10g0193500
10	2595	6698731	6716328	2	Os10g0196000,Os10g0196100
10	2947	6897044	6953361	2	Os10g0198900,Os10g0199500
10	2598	7435159	7444003	2	Os10g0204300,Os10g0204400
10	1326	8927907	8938316	2	Os10g0323600,Os10g0323900
10	145	9041999	9057476	2	Os10g0326100,Os10g0326200
10	2692	9062760	9080094	2	Os10g0326400,Os10g0326800
10	2701	9393215	9400596	2	Os10g0332000,Os10g0332300
10	165	10231802	10252736	2	Os10g0344000,Os10g0344500
10	165	10293210	10304353	2	Os10g0344900,Os10g0345100
10	22	10563123	10587959	4	Os10g0349300,Os10g0349400,Os10g0349600,Os10g0349900
10	895	10713390	10730929	2	Os10g0351600,Os10g0351700
10	2977	11110251	11124885	2	Os10g0361000,Os10g0361300
10	1892	11880133	11899916	2	Os10g0374600,Os10g0375000
10	5577	12078203	12098560	2	Os10g0378000,Os10g0378100
10	2979	12879408	12894595	3	Os10g0389100,Os10g0389200,Os10g0389300
10	892	12968039	12982476	2	Os10g0390500,Os10g0390600
10	766	13123214	13133327	3	Os10g0393600,Os10g0393700,Os10g0393800
10	1228	13438132	13469366	3	Os10g0399100,Os10g0399200,Os10g0399700
10	519	13721970	13774369	2	Os10g0403800,Os10g0404300
10	2572	13783420	13784910	2	Os10g0404533,Os10g0404566
10	1809	14436872	14448666	3	Os10g0413700,Os10g0413900,Os10g0414000
10	5580	14532913	14548901	2	Os10g0415600,Os10g0415800
10	2980	14590045	14603656	2	Os10g0416500,Os10g0416800
10	1709	14751991	14759763	2	Os10g0419400,Os10g0419500
10	726	14904210	14911829	2	Os10g0422000,Os10g0422075
10	192	15003427	15012324	2	Os10g0423300,Os10g0423400
10	192	15019919	15037117	3	Os10g0423800,Os10g0423900,Os10g0424100
10	2762	15124409	15140103	2	Os10g0425700,Os10g0425900
10	770	15266567	15269703	2	Os10g0429200,Os10g0429300
10	144	15279959	15288094	2	Os10g0429600,Os10g0429651
10	2981	15326689	15336096	2	Os10g0430600,Os10g0430700
10	331	15462806	15468056	2	Os10g0434000,Os10g0434200
10	331	15498122	15594278	6	Os10g0434999,Os10g0435300,Os10g0435400,Os10g0435900,Os10g0436100,Os10g0436700
10	294	15791484	15799887	2	Os10g0439700,Os10g0439800
10	19	15874303	15880050	2	Os10g0441900,Os10g0442000
10	2609	15939259	15942538	2	Os10g0443000,Os10g0443100
10	5585	15983796	16000815	2	Os10g0443800,Os10g0444100
10	123	16027967	16038231	2	Os10g0444600,Os10g0444700
10	419	16494319	16508277	3	Os10g0452300,Os10g0452500,Os10g0452700
10	419	16581609	16600321	3	Os10g0453900,Os10g0454200,Os10g0454300
10	522	16852034	16863370	2	Os10g0458900,Os10g0459300
10	522	16892830	16898801	2	Os10g0459600,Os10g0459700
10	2945	16961697	16983032	2	Os10g0461100,Os10g0461400
10	1085	17236433	17249923	3	Os10g0466800,Os10g0467000,Os10g0467100
10	384	17346611	17366810	3	Os10g0469300,Os10g0469600,Os10g0469700
10	864	17619188	17623669	2	Os10g0474100,Os10g0474900
10	5587	17646481	17660770	2	Os10g0474300,Os10g0474600
10	864	17673233	17689465	2	Os10g0474800,Os10g0475100
10	2982	18214554	18227300	2	Os10g0482450,Os10g0482700
10	2085	18446071	18454375	2	Os10g0487500,Os10g0487600
10	865	18598558	18621528	2	Os10g0490100,Os10g0490400
10	2983	18635437	18641882	3	Os10g0490800,Os10g0490900,Os10g0491000
10	1865	18670868	18678989	2	Os10g0492000,Os10g0492101
10	180	18823677	18836049	2	Os10g0495100,Os10g0495200
10	180	18935690	18953700	3	Os10g0497300,Os10g0497366,Os10g0497432
10	1003	18989312	19007634	5	Os10g0498000,Os10g0498100,Os10g0498200,Os10g0498300,Os10g0498500
10	1685	19108715	19114168	2	Os10g0501200,Os10g0501300
10	1187	19166324	19174055	2	Os10g0502500,Os10g0502600
10	171	19288018	19335615	5	Os10g0504650,Os10g0504900,Os10g0505000,Os10g0505500,Os10g0505700
10	2315	19568799	19583594	2	Os10g0509401,Os10g0509600
10	5588	19677199	19692164	2	Os10g0511400,Os10g0511600
10	89	19804480	19828392	3	Os10g0513400,Os10g0513900,Os10g0514300
10	89	19831925	19839400	2	Os10g0514450,Os10g0514500
10	89	19847084	19858161	2	Os10g0514700,Os10g0514901
10	89	19858762	19883248	3	Os10g0515200,Os10g0515400,Os10g0515900
10	612	20098367	20110180	2	Os10g0519800,Os10g0520100
10	5589	20271867	20278573	2	Os10g0522700,Os10g0522800
10	23	20488627	20499096	3	Os10g0527400,Os10g0527601,Os10g0527800
10	23	20553664	20560614	3	Os10g0528200,Os10g0528300,Os10g0528400
10	23	20574829	20593601	3	Os10g0528900,Os10g0529300,Os10g0529400
10	23	20597074	20629985	7	Os10g0529700,Os10g0529800,Os10g0530200,Os10g0530300,Os10g0530400,Os10g0530500,Os10g0530600
10	2985	20956884	20972640	2	Os10g0537800,Os10g0538200
10	22	21655489	21671244	4	Os10g0551700,Os10g0551800,Os10g0551900,Os10g0552200
10	22	21690332	21697778	3	Os10g0552600,Os10g0552700,Os10g0552800
10	269	21835933	21849722	2	Os10g0555700,Os10g0555900
10	2986	21955492	21966288	3	Os10g0557900,Os10g0558100,Os10g0558125
10	526	21995563	22014287	2	Os10g0558900,Os10g0559200
10	913	22582333	22608671	4	Os10g0569600,Os10g0569800,Os10g0570001,Os10g0570200
10	5602	22774961	22780305	2	Os10g0573700,Os10g0573800
10	2788	23114698	23131238	2	Os10g0579600,Os10g0579800
11	1437	174544	177755	2	Os11g0104240,Os11g0104220
11	132	392252	396910	2	Os11g0108650,Os11g0108700
11	2833	462875	472348	2	Os11g0109933,Os11g0109950
11	87	680034	685551	2	Os11g0114900,Os11g0115100
11	87	693326	703928	2	Os11g0115350,Os11g0115400
11	87	715445	724377	2	Os11g0116000,Os11g0116200
11	1867	812243	815795	2	Os11g0117900,Os11g0118000
11	1860	905646	914006	2	Os11g0120600,Os11g0120725
11	7	947565	963088	2	Os11g0121400,Os11g0121500
11	5	1233932	1271179	3	Os11g0126900,Os11g0127000,Os11g0127600
11	412	1341435	1352335	2	Os11g0129000,Os11g0129200
11	2969	1405320	1409547	2	Os11g0130600,Os11g0130700
11	335	1453786	1467581	2	Os11g0131900,Os11g0132000
11	485	1538544	1548581	2	Os11g0133300,Os11g0133500
11	112	1626506	1646052	2	Os11g0135000,Os11g0135300
11	1269	1735473	1748824	2	Os11g0137400,Os11g0137500
11	660	1781776	1800298	2	Os11g0138400,Os11g0138600
11	1012	1901250	1921931	2	Os11g0141100,Os11g0141333
11	380	1984616	1988373	2	Os11g0142300,Os11g0142400
11	5690	2247706	2261027	2	Os11g0148700,Os11g0148800
11	902	2423636	2437010	2	Os11g0151700,Os11g0151800
11	5695	2512383	2521841	2	Os11g0153600,Os11g0153700
11	44	2904929	2908803	2	Os11g0159900,Os11g0160000
11	1274	2966226	2984650	4	Os11g0160900,Os11g0161000,Os11g0161100,Os11g0161133
11	217	3536690	3557873	4	Os11g0172150,Os11g0172300,Os11g0172350,Os11g0172400
11	217	3640348	3667770	4	Os11g0173550,Os11g0173750,Os11g0173800,Os11g0173900
11	3172	3721900	3739034	2	Os11g0175000,Os11g0175300
11	303	3916880	3995784	6	Os11g0178800,Os11g0179000,Os11g0179400,Os11g0179500,Os11g0179700,Os11g0180000
11	553	4094598	4101455	2	Os11g0181700,Os11g0181800
11	5704	4168279	4188218	2	Os11g0182900,Os11g0183150
11	1871	4287928	4297455	2	Os11g0184600,Os11g0184800
11	42	4443203	4469313	3	Os11g0187500,Os11g0187600,Os11g0187700
11	1364	4701769	4703613	2	Os11g0194000,Os11g0194200
11	1873	5148658	5156057	2	Os11g0201966,Os11g0202100
11	464	5155359	5171213	3	Os11g0202000,Os11g0202200,Os11g0202300
11	464	5336615	5345614	2	Os11g0205800,Os11g0205900
11	701	5357840	5375530	4	Os11g0206200,Os11g0206400,Os11g0206300,Os11g0206600
11	5710	5405958	5427714	2	Os11g0207000,Os11g0207100
11	1659	5745005	5758642	2	Os11g0210500,Os11g0210600
11	406	5820879	5828666	2	Os11g0212000,Os11g0212100
11	277	5859750	5881813	2	Os11g0212900,Os11g0213000
11	932	5936538	5997392	5	Os11g0214100,Os11g0214400,Os11g0214700,Os11g0214900,Os11g0215100
11	3000	6146834	6156093	2	Os11g0218100,Os11g0218200
11	1396	6187696	6193229	4	Os11g0218560,Os11g0218619,Os11g0218678,Os11g0218737
11	3001	6335893	6358201	3	Os11g0221000,Os11g0221200,Os11g0221300
11	3002	6494799	6506695	2	Os11g0224200,Os11g0224301
11	5714	6509996	6521680	2	Os11g0224400,Os11g0224600
11	5715	6646291	6650170	2	Os11g0226966,Os11g0227000
11	118	6657129	6680770	2	Os11g0227100,Os11g0227200
11	118	6703146	6839374	2	Os11g0227800,Os11g0228600
11	118	6872016	6896307	3	Os11g0229300,Os11g0229400,Os11g0229500
11	530	6925637	6964564	3	Os11g0230400,Os11g0230700,Os11g0231200
11	530	6980647	7007235	2	Os11g0231800,Os11g0232000
11	478	7255817	7262674	2	Os11g0236100,Os11g0236200
11	5716	7327021	7332623	2	Os11g0236932,Os11g0237300
11	1617	7356166	7367861	2	Os11g0237900,Os11g0238000
11	2660	7419636	7435428	3	Os11g0239000,Os11g0239200,Os11g0239400
11	1443	8085126	8091256	2	Os11g0249400,Os11g0249600
11	705	8128595	8132190	2	Os11g0250400,Os11g0250600
11	705	8163352	8248342	3	Os11g0251400,Os11g0252400,Os11g0253100
11	1654	8417487	8422716	2	Os11g0256000,Os11g0256050
11	142	8457135	8531343	3	Os11g0256600,Os11g0256900,Os11g0257700
11	142	8648863	8678820	2	Os11g0259700,Os11g0260100
11	273	9748379	9759732	2	Os11g0275000,Os11g0275200
11	536	10133473	10191810	3	Os11g0283500,Os11g0284032,Os11g0284300
11	203	10342267	10376610	2	Os11g0286400,Os11g0286800
11	1874	10935633	10973314	2	Os11g0297400,Os11g0297650
11	924	11583390	11651887	3	Os11g0306300,Os11g0306400,Os11g0307300
11	1232	12403900	12408062	2	Os11g0362633,Os11g0368172
11	233	13802497	13915531	4	Os11g0430600,Os11g0431100,Os11g0431400,Os11g0431700
11	935	14085190	14121700	3	Os11g0434850,Os11g0435100,Os11g0435300
11	5726	14189093	14204045	2	Os11g0436450,Os11g0436500
11	88	14330653	14369253	2	Os11g0438700,Os11g0439100
11	272	14390405	14430579	2	Os11g0439600,Os11g0440200
11	1803	14997460	15075772	2	Os11g0448700,Os11g0449600
11	616	15320288	15337158	3	Os11g0453900,Os11g0454000,Os11g0454200
11	127	15452990	15462351	2	Os11g0456200,Os11g0456300
11	2231	15475373	15498561	2	Os11g0457000,Os11g0457300
11	2244	15667656	15676421	2	Os11g0460500,Os11g0460700
11	1173	16435035	16442206	2	Os11g0474800,Os11g0474900
11	267	17426180	17455221	3	Os11g0492200,Os11g0492300,Os11g0492500
11	267	17481271	17563942	4	Os11g0492900,Os11g0493000,Os11g0493100,Os11g0494100
11	1271	17952832	17986258	2	Os11g0504900,Os11g0505300
11	1862	18288358	18314023	4	Os11g0512000,Os11g0512100,Os11g0512200,Os11g0512600
11	46	18426136	18445713	3	Os11g0514400,Os11g0514500,Os11g0514700
11	5735	18552567	18575490	2	Os11g0517400,Os11g0517800
11	1750	18994678	19026620	2	Os11g0524601,Os11g0524900
11	52	19208135	19228479	3	Os11g0529125,Os11g0529100,Os11g0529500
11	52	19236424	19244840	2	Os11g0529800,Os11g0529900
11	3383	19701215	19708469	2	Os11g0539600,Os11g0539700
11	1275	19756568	19870853	5	Os11g0540600,Os11g0540800,Os11g0540900,Os11g0541200,Os11g0541600
11	1628	20035538	20048955	2	Os11g0544900,Os11g0545000
11	2917	20321331	20332134	2	Os11g0549605,Os11g0549610
11	1725	20336764	20349189	2	Os11g0549615,Os11g0549620
11	5740	20482685	20503074	2	Os11g0550900,Os11g0551350
11	25	20895137	20905361	2	Os11g0560900,Os11g0561100
11	25	21031351	21043941	2	Os11g0564900,Os11g0565000
11	25	21145760	21159062	2	Os11g0567600,Os11g0567800
11	338	21213554	21301397	7	Os11g0568800,Os11g0569300,Os11g0569500,Os11g0569600,Os11g0569733,Os11g0569800,Os11g0570000
11	585	21566303	21569308	2	Os11g0574200,Os11g0574233
11	232	21608163	21609671	2	Os11g0574500,Os11g0574725
11	1291	21760344	21763278	2	Os11g0577300,Os11g0577350
11	585	21806096	21821162	3	Os11g0578100,Os11g0578225,Os11g0578250
11	417	22318116	22333982	2	Os11g0588400,Os11g0588600
11	417	22382356	22458547	5	Os11g0589800,Os11g0590400,Os11g0590700,Os11g0590900,Os11g0591000
11	1276	22495078	22512374	5	Os11g0591700,Os11g0591800,Os11g0592000,Os11g0592100,Os11g0592200
11	1161	22610993	22616875	2	Os11g0593600,Os11g0593700
11	109	22649728	22652160	2	Os11g0594700,Os11g0594800
11	3006	22768985	22808829	2	Os11g0597500,Os11g0597601
11	147	22822490	22866319	2	Os11g0598300,Os11g0598500
11	277	23488663	23548581	3	Os11g0608300,Os11g0608700,Os11g0609500
11	258	23844616	23853995	2	Os11g0614400,Os11g0614500
11	775	24089403	24100566	3	Os11g0618700,Os11g0618800,Os11g0618850
11	1513	25423701	25434791	2	Os11g0641500,Os11g0641800
11	147	25627185	25699181	3	Os11g0645800,Os11g0645886,Os11g0646300
11	193	26269974	26276206	2	Os11g0655900,Os11g0656000
11	1267	26475503	26482885	2	Os11g0659600,Os11g0659700
11	65	26738642	26752365	4	Os11g0663900,Os11g0664000,Os11g0664133,Os11g0664100
11	3007	26777816	26799952	2	Os11g0664500,Os11g0664800
11	65	26875368	26918387	4	Os11g0666100,Os11g0666200,Os11g0666300,Os11g0667000
11	176	27223472	27272680	6	Os11g0673600,Os11g0673900,Os11g0676100,Os11g0676200,Os11g0674400,Os11g0676050
11	176	27284263	27322040	2	Os11g0675200,Os11g0676500
11	176	27335214	27353218	3	Os11g0676800,Os11g0677000,Os11g0677101
11	5757	27368754	27386883	2	Os11g0677425,Os11g0677500
11	5758	27408007	27415869	2	Os11g0678200,Os11g0678301
11	1267	27656251	27662609	2	Os11g0683700,Os11g0683800
11	242	28142192	28222992	6	Os11g0691280,Os11g0691300,Os11g0691400,Os11g0691500,Os11g0691600,Os11g0691650
11	72	28722783	28748484	7	Os11g0700900,Os11g0701000,Os11g0701100,Os11g0701200,Os11g0701400,Os11g0701500,Os11g0701600
11	72	28753859	28757153	2	Os11g0701800,Os11g0701900
11	72	28758837	28761600	2	Os11g0702100,Os11g0702200
11	15	28762628	28766937	2	Os11g0702300,Os11g0702400
11	933	28781311	28783983	2	Os11g0703000,Os11g0703100
11	487	28870115	28900796	3	Os11g0705200,Os11g0705900,Os11g0706200
11	1814	28932985	28939239	3	Os11g0707000,Os11g0707050,Os11g0707100
12	1	690489	695267	2	Os12g0113700,Os12g0113800
12	87	723297	738254	4	Os12g0114500,Os12g0114800,Os12g0115000,Os12g0115100
12	87	746162	762381	2	Os12g0115300,Os12g0115500
12	1867	854005	858045	2	Os12g0117100,Os12g0117200
12	2990	910825	916364	2	Os12g0118900,Os12g0119000
12	272	1107406	1134301	2	Os12g0123500,Os12g0123600
12	5	1139026	1148742	2	Os12g0123700,Os12g0123800
12	335	1359827	1375574	2	Os12g0128700,Os12g0128800
12	335	1397309	1404684	2	Os12g0129300,Os12g0129350
12	485	1462306	1493848	3	Os12g0130300,Os12g0130500,Os12g0130800
12	112	1567509	1589083	2	Os12g0132500,Os12g0132800
12	660	1722709	1729205	2	Os12g0135051,Os12g0135100
12	1012	1822395	1832039	2	Os12g0137600,Os12g0137700
12	30	2688759	2700272	4	Os12g0154700,Os12g0154800,Os12g0154900,Os12g0155000
12	1406	3338061	3352763	2	Os12g0165900,Os12g0166000
12	2997	3947161	3955835	2	Os12g0177900,Os12g0178000
12	403	3955981	3964001	2	Os12g0178100,Os12g0178200
12	125	3969344	3971102	2	Os12g0178250,Os12g0178300
12	5766	4213199	4217770	2	Os12g0183200,Os12g0183300
12	5768	5098883	5104566	2	Os12g0198400,Os12g0198500
12	1876	5469046	5477351	2	Os12g0204600,Os12g0204800
12	1636	5756479	5763699	2	Os12g0210200,Os12g0210300
12	3011	5838245	5852392	2	Os12g0211301,Os12g0211400
12	133	6647365	6654226	2	Os12g0222800,Os12g0222900
12	492	6869987	6896735	2	Os12g0225900,Os12g0226400
12	492	6911276	6918431	2	Os12g0226700,Os12g0226900
12	1506	7678711	7699212	2	Os12g0239000,Os12g0239200
12	607	8960777	9077143	2	Os12g0258700,Os12g0259800
12	1875	9263755	9270109	2	Os12g0263000,Os12g0263050
12	747	9278224	9291494	2	Os12g0263200,Os12g0263600
12	500	9435934	9442194	2	Os12g0265400,Os12g0265600
12	28	9686915	9741352	4	Os12g0269100,Os12g0269200,Os12g0269600,Os12g0269700
12	5774	9980291	10021620	2	Os12g0272800,Os12g0273300
12	843	11262587	11267889	2	Os12g0291100,Os12g0291200
12	2146	13386281	13388454	2	Os12g0423313,Os12g0423484
12	2551	13602957	13611468	2	Os12g0427100,Os12g0427450
12	694	14714136	14752232	2	Os12g0441300,Os12g0441600
12	678	14887908	14896224	2	Os12g0443500,Os12g0443600
12	694	14974988	15011459	2	Os12g0444800,Os12g0445300
12	5779	15498809	15640442	2	Os12g0451300,Os12g0453500
12	905	16144947	16168600	2	Os12g0460100,Os12g0460400
12	265	16273918	16275535	2	Os12g0461050,Os12g0461300
12	3005	16463056	16469853	2	Os12g0465000,Os12g0465100
12	915	16500219	16507816	2	Os12g0465700,Os12g0465800
12	57	16617430	16642633	2	Os12g0467700,Os12g0468000
12	57	16872793	16965071	3	Os12g0470700,Os12g0471100,Os12g0472300
12	699	17668569	17682682	2	Os12g0480800,Os12g0481000
12	2894	17708000	17763084	3	Os12g0481400,Os12g0481700,Os12g0482100
12	1089	18334665	18349239	2	Os12g0489100,Os12g0489200
12	3012	19161739	19185915	2	Os12g0502800,Os12g0503000
12	3013	20042293	20059545	3	Os12g0515800,Os12g0516000,Os12g0516200
12	332	20084212	20103252	3	Os12g0516900,Os12g0517000,Os12g0517100
12	5782	20868401	20871424	2	Os12g0529300,Os12g0529400
12	469	21254021	21292174	2	Os12g0534700,Os12g0535300
12	363	21368785	21424123	3	Os12g0537000,Os12g0538000,Os12g0538066
12	193	21469144	21481099	2	Os12g0538600,Os12g0538700
12	185	21691749	21700997	2	Os12g0541700,Os12g0542000
12	603	22193325	22203153	3	Os12g0548401,Os12g0548501,Os12g0548700
12	754	22427863	22431789	2	Os12g0552400,Os12g0552500
12	1159	22488914	22502497	2	Os12g0553200,Os12g0553600
12	1277	22580880	22596804	4	Os12g0555000,Os12g0555100,Os12g0555200,Os12g0555300
12	2328	22773516	22785768	2	Os12g0558366,Os12g0558400
12	399	22934817	22936772	2	Os12g0559934,Os12g0560200
12	238	23061642	23068433	2	Os12g0562500,Os12g0562600
12	3014	23302307	23312202	3	Os12g0566800,Os12g0566900,Os12g0567000
12	933	23427730	23436485	2	Os12g0569300,Os12g0569500
12	220	23501423	23516013	3	Os12g0570700,Os12g0571000,Os12g0571100
12	652	23584169	23593482	2	Os12g0572300,Os12g0572400
12	1386	23739977	23783505	3	Os12g0575300,Os12g0575400,Os12g0576100
12	680	23805228	23814363	2	Os12g0576600,Os12g0576700
12	5784	24777228	24786307	2	Os12g0591300,Os12g0591500
12	1226	24984480	24996461	2	Os12g0595200,Os12g0595300
12	76	25310893	25327111	2	Os12g0601300,Os12g0601400
12	47	25712030	25720672	2	Os12g0608700,Os12g0608900
12	597	26073324	26076201	2	Os12g0614800,Os12g0614851
12	597	26083058	26090656	2	Os12g0615000,Os12g0615100
12	5786	26649758	26662924	2	Os12g0623900,Os12g0624000
12	3788	26672423	26685828	2	Os12g0624400,Os12g0624700
12	63	26913087	26981082	6	Os12g0628600,Os12g0629300,Os12g0629700,Os12g0630100,Os12g0630200,Os12g0630500
12	4	27145970	27152307	2	Os12g0633400,Os12g0633501
12	812	27301298	27311170	3	Os12g0637000,Os12g0637100,Os12g0637200
12	414	27324762	27331936	2	Os12g0637700,Os12g0637800
12	686	27346312	27361454	2	Os12g0638200,Os12g0638300
12	57	27412307	27427718	3	Os12g0639200,Os12g0639400,Os12g0639500
